Start Warp Name	Start Warp Group	->	End Warp Name	End Warp Group
ELMS_LAB Entrance	(New Bark)	->	ELMS_LAB Exit	(Elms Lab)
PLAYERS_HOUSE_1F Entrance	(New Bark)	->	PLAYERS_HOUSE_1F Exit	(Players House)
PLAYERS_NEIGHBORS_HOUSE Entrance	(New Bark)	->	New Bark House Exit	(New Bark House)
ELMS_HOUSE Entrance	(New Bark)	->	ELMS_HOUSE Exit	(Elms House)
CHERRYGROVE_POKECENTER_1F Entrance	(Cherrygrove)	->	CHERRYGROVE_POKECENTER_1F Exit	(Cherrygrove Center)
Cherrygrove West House Entrance	(Cherrygrove)	->	CHERRYGROVE_GYM_SPEECH_HOUSE Exit	(Cherrygrove Gym House)
GUIDE_GENTS_HOUSE Entrance	(Cherrygrove)	->	GUIDE_GENTS_HOUSE Exit	(Cherrygrove Guide House)
Cherrygrove East House Entrance	(Cherrygrove)	->	CHERRYGROVE_EVOLUTION_SPEECH_HOUSE Exit	(Cherrygrove Evolution House)
VIOLET_GYM Entrance	(Violet)	->	VIOLET_GYM Exit	(Violet Gym)
Violet School Entrance	(Violet)	->	Violet School Exit	(Violet School)
VIOLET_NICKNAME_SPEECH_HOUSE Entrance	(Violet)	->	VIOLET_NICKNAME_SPEECH_HOUSE Exit	(Violet Nickname House)
VIOLET_POKECENTER_1F Entrance	(Violet)	->	VIOLET_POKECENTER_1F Exit	(Violet Center)
Violet Trade House Entrance	(Violet)	->	Violet Trade House Exit	(Violet Trade House)
Sprout Tower Entrance Entrance	(Violet)	->	SPROUT_TOWER_1F Exit	(Sprout Tower 1F)
Violet Exit To Route 31 Gate Entrance	(Violet)	->	Dark Cave Violet Exit	(Dark Cave Violet)
AZALEA_POKECENTER_1F Entrance	(Azalea)	->	AZALEA_POKECENTER_1F Exit	(Azalea Center)
CHARCOAL_KILN Entrance	(Azalea)	->	CHARCOAL_KILN Exit	(Charcoal Kiln)
KURTS_HOUSE Entrance	(Azalea)	->	KURTS_HOUSE Exit	(Kurts House)
AZALEA_GYM Entrance	(Azalea Saved Slowpokes)	->	AZALEA_GYM Exit	(Azalea Gym)
SLOWPOKE_WELL_B1F Entrance	(Azalea Met Kurt)	->	Route 34 to Ilex Gate Entrance	(Goldenrod)
Azalea Exit to Ilex Gate Entrance	(Azalea)	->	Route 8 to Saffron Gate 	(Saffron/Route 8 Gate)
Shuckle House Entrance	(Cianwood)	->	Shuckle House Exit	(Shuckle House)
CIANWOOD_GYM Entrance	(Cianwood)	->	CIANWOOD_GYM Exit	(Cianwood Gym)
CIANWOOD_POKECENTER_1F Entrance	(Cianwood)	->	CIANWOOD_POKECENTER_1F Exit	(Cianwood Center)
CIANWOOD_PHARMACY Entrance	(Cianwood)	->	CIANWOOD_PHARMACY Exit	(Cianwood Pharmacy)
CIANWOOD_PHOTO_STUDIO Entrance	(Cianwood)	->	Cianwood Photo House Exit	(Cianwood Photo House)
CIANWOOD_LUGIA_SPEECH_HOUSE Entrance	(Cianwood)	->	CIANWOOD_LUGIA_SPEECH_HOUSE Exit	(Cianwood Lugia House)
POKE_SEERS_HOUSE Entrance	(Cianwood)	->	POKE_SEERS_HOUSE Exit	(Cianwood Seers House)
GOLDENROD_GYM Entrance	(Goldenrod)	->	GOLDENROD_GYM Exit	(Goldenrod Gym)
GOLDENROD_BIKE_SHOP Entrance	(Goldenrod)	->	GOLDENROD_BIKE_SHOP Exit	(Goldenrod Bike Shop)
GOLDENROD_HAPPINESS_RATER Entrance	(Goldenrod)	->	Goldenrod Happiness House Exit	(Goldenrod Happiness House)
BILLS_FAMILYS_HOUSE Entrance	(Goldenrod Rocket Corner Block)	->	Bills House Exit	(Bills House)
GOLDENROD_MAGNET_TRAIN_STATION Entrance	(Goldenrod)	->	National Park to Route 35 Gate Exit	(National Park/Route 35 Gate)
GOLDENROD_FLOWER_SHOP Entrance	(Goldenrod)	->	GOLDENROD_FLOWER_SHOP Exit	(Flower Shop)
GOLDENROD_PP_SPEECH_HOUSE Entrance	(Goldenrod Rocket Block North)	->	GOLDENROD_PP_SPEECH_HOUSE Exit	(Goldenrod PP House)
GOLDENROD_NAME_RATER Entrance	(Goldenrod)	->	GOLDENROD_NAME_RATER Exit	(Goldenrod Name Rater)
GOLDENROD_DEPT_STORE_1F Entrance	(Goldenrod)	->	Goldenrod Dept. Store Exit	(Goldenrod Dept. Store)
GOLDENROD_GAME_CORNER Entrance	(Goldenrod Rocket Corner Block)	->	GOLDENROD_GAME_CORNER Exit	(Goldenrod Game Corner)
RADIO_TOWER_1F Entrance	(Goldenrod)	->	Goldenrod Radio Tower Exit	(Radio Tower 1F)
Goldenrod North To Route 35 Gate Entrance	(Goldenrod)	->	Olivine Port Exit	(Olivine Port)
Goldenrod Underground North Entrance	(Goldenrod)	->	Goldenrod Underground South Hall Carpet 	(Goldenrod Underground South Hall)
Goldenrod Underground South Entrance	(Goldenrod Rocket Corner Block)	->	Goldenrod Underground North Hall Carpet Entrance	(Goldenrod Underground North Hall)
GOLDENROD_POKECENTER_1F Entrance	(Goldenrod)	->	GOLDENROD_POKECENTER_1F Exit	(Goldenrod Center)
OLIVINE_POKECENTER_1F Entrance	(Olivine)	->	OLIVINE_POKECENTER_1F Exit	(Olivine Center)
OLIVINE_GYM Entrance	(Olivine)	->	OLIVINE_GYM Exit	(Olivine Gym)
OLIVINE_TIMS_HOUSE Entrance	(Olivine)	->	Olivine Trade House Exit	(Olivine Trade House)
OLIVINE_HOUSE_BETA Entrance	(Olivine)	->	X 	()
OLIVINE_PUNISHMENT_SPEECH_HOUSE Entrance	(Olivine)	->	OLIVINE_PUNISHMENT_SPEECH_HOUSE Exit	(Olivine Punishment House)
OLIVINE_GOOD_ROD_HOUSE Entrance	(Olivine)	->	OLIVINE_GOOD_ROD_HOUSE Exit	(Olivine Good Rod House)
OLIVINE_CAFE Entrance	(Olivine)	->	OLIVINE_CAFE Exit	(Olivine Cafe)
OLIVINE_LIGHTHOUSE_1F Entrance	(Olivine)	->	OLIVINE_LIGHTHOUSE_1F Exit	(Lighthouse 1F)
OLIVINE_PORT_PASSAGE Entrance	(Olivine)	->	OLIVINE_PORT_PASSAGE Exit	(Olivine Port House)
Ecruteak East to Route 42 Gate Entrance	(Ecruteak)	->	Saffron to Route 5 Gate Entrance	(Saffron)
ECRUTEAK_TIN_TOWER_ENTRANCE Entrance	(Ecruteak)	->	Tin Tower Access Exit	(Tin Tower Access Entrance)
WISE_TRIOS_ROOM Entrance	(Ecruteak)	->	Wise Trio East Exit	(Wise Trio East)
ECRUTEAK_POKECENTER_1F Entrance	(Ecruteak)	->	ECRUTEAK_POKECENTER_1F Exit	(Ecruteak Center)
ECRUTEAK_LUGIA_SPEECH_HOUSE Entrance	(Ecruteak)	->	ECRUTEAK_LUGIA_SPEECH_HOUSE Exit	(Ecruteak Lugia House)
DANCE_THEATRE Entrance	(Ecruteak)	->	DANCE_THEATRE Exit	(Dance Theater)
ECRUTEAK_GYM Entrance	(Ecruteak)	->	ECRUTEAK_GYM Exit	(Ecruteak Gym)
ECRUTEAK_ITEMFINDER_HOUSE Entrance	(Ecruteak)	->	ECRUTEAK_ITEMFINDER_HOUSE Exit	(Ecruteak Itemfinder House)
TIN_TOWER_1F Entrance	(Ecruteak)	->	Tin Tower Exit	(Tin Tower 1F)
BURNED_TOWER_1F Entrance	(Ecruteak)	->	Burned Tower Exit	(Burned Tower 1F)
Ecruteak West to Route 38 Gate Entrance	(Ecruteak)	->	Route 46 to Route 29 Gate Exit	(Route 29/46 Gate)
MAHOGANY_MART_1F Entrance	(Mahogany)	->	Mahogany Shop  Exit	(Rocket Base Entrance)
MAHOGANY_RED_GYARADOS_SPEECH_HOUSE Entrance	(Mahogany)	->	MAHOGANY_RED_GYARADOS_SPEECH_HOUSE Exit	(Mahogoney Gyarados House)
MAHOGANY_GYM Entrance	(Mahogany Rockets Cleared)	->	MAHOGANY_GYM Exit	(Mahogany Gym)
MAHOGANY_POKECENTER_1F Entrance	(Mahogany)	->	MAHOGANY_POKECENTER_1F Exit	(Mahogany Center)
Mahogany North to Route 43 Gate Entrance	(Mahogany)	->	DARK_CAVE_BLACKTHORN_ENTRANCE Entrance	(Blackthorn)
LAKE_OF_RAGE_HIDDEN_POWER_HOUSE Entrance	(Lake Of Rage Cut)	->	LAKE_OF_RAGE_HIDDEN_POWER_HOUSE Exit	(Lake Of Rage Hidden Power House)
LAKE_OF_RAGE_MAGIKARP_HOUSE Entrance	(Lake Of Rage)	->	LAKE_OF_RAGE_MAGIKARP_HOUSE Exit	(Lake Of Rage Magikarp House)
BLACKTHORN_GYM_1F Entrance	(Blackthorn Rockets Cleared)	->	BLACKTHORN_GYM_1F Exit	(Blackthorn Gym 1F Main)
BLACKTHORN_DRAGON_SPEECH_HOUSE Entrance	(Blackthorn)	->	BLACKTHORN_DRAGON_SPEECH_HOUSE Exit	(Blackthorn Dragon Speech House)
BLACKTHORN_EMYS_HOUSE Entrance	(Blackthorn)	->	Blackthorn Trade House Exit	(Blackthorn Trade House)
BLACKTHORN_POKECENTER_1F Entrance	(Blackthorn)	->	BLACKTHORN_POKECENTER_1F Exit	(Blackthorn Poke Center)
MOVE_DELETERS_HOUSE Entrance	(Blackthorn)	->	MOVE_DELETERS_HOUSE Exit	(Move Deleters)
Blackthorn City Ice Path Entrance	(Blackthorn)	->	Goldenrod North To Route 35 Gate Entrance	(Goldenrod)
DRAGONS_DEN_1F Entrance	(Blackthorn Clair Defeated Surf)	->	DRAGONS_DEN_1F Exit	(Dragons Den Hall 1)
SILVER_CAVE_POKECENTER_1F Entrance	(Silver Outside)	->	SILVER_CAVE_POKECENTER_1F Exit	(Silver Center)
SILVER_CAVE_ROOM_1 Entrance	(Silver Outside)	->	Rock Tunnel North Exit	(Rock Tunnel North Exit)
Route 26 North to Victory Road Gate Entrance	(Route 26)	->	WHIRL_ISLAND_NW Entrance	(Whirl NW)
ROUTE_26_HEAL_HOUSE Entrance	(Route 26)	->	ROUTE_26_HEAL_HOUSE Exit	(Route 26 Heal House)
DAY_OF_WEEK_SIBLINGS_HOUSE Entrance	(Route 26)	->	Siblings House Exit	(Siblings House)
ROUTE_27_SANDSTORM_HOUSE Entrance	(Tojho Exit)	->	ROUTE_27_SANDSTORM_HOUSE Exit	(Route 27 Sandstorm House)
Tojho Falls West Entrance	(Tojho West)	->	Rock Tunnel South Exit	(Rock Tunnel South Exit)
Tojho Falls East Entrance	(Tojho Exit)	->	Route 5 Underground Exit	(Route 5 Underground)
ROUTE_28_STEEL_WING_HOUSE Entrance	(28 Cut)	->	ROUTE_28_STEEL_WING_HOUSE Exit	(Steel Wing House)
Route 28 East to Victory Road Gate Entrance	(Silver Outside)	->	Route 40 to Battle Tower Gate Entrance	(Olivine)
Route 29 to Route 46 Gate Entrance	(Cherrygrove)	->	Route 32 to Ruins Gate Exit	(Ruins/Route 32 Gate)
ROUTE_30_BERRY_HOUSE Entrance	(Cherrygrove)	->	ROUTE_30_BERRY_HOUSE Exit	(Route 30 Berry House)
MR_POKEMONS_HOUSE Entrance	(Cherrygrove)	->	MR_POKEMONS_HOUSE Exit	(Mr Pokemon)
ROUTE_31_VIOLET_GATE Entrance	(Route 31)	->	Violet to Route 31 Gate Exit	(Violet/Route 31 Gate)
DARK_CAVE_VIOLET_ENTRANCE Entrance	(Route 31)	->	Ecruteak West to Route 38 Gate Entrance	(Ecruteak)
ROUTE_32_POKECENTER_1F Entrance	(Route 32)	->	ROUTE_32_POKECENTER_1F Exit	(Route 32 Center)
Route 32 to Ruins Gate Entrance	(Violet)	->	Route 33 Union Cave Entrance	(Azalea)
Route 32 Union Cave Entrance	(Route 32)	->	Route 9 Rock Tunnel Entrance	(Route 9 Route)
Route 33 Union Cave Entrance	(Azalea)	->	Ecruteak East to Route 42 Gate Entrance	(Ecruteak)
Route 34 to Ilex Gate Entrance	(Goldenrod)	->	GOLDENROD_MAGNET_TRAIN_STATION Exit	(Goldenrod Station)
Route 34 Daycare Entrance	(Goldenrod)	->	Daycare to Route Exit	(Daycare)
Day Care Pokemon Entrance	(Day Care Outside)	->	Daycare to Pokemon 	(Daycare)
Route 35 to Goldenrod Gate Entrance	(Route 35 Route)	->	Goldenrod To Route 35 Gate Exit	(Goldenrod/Route 35 Gate)
Route 35 to National Park Gate Entrance	(Route 35 Route)	->	Union Cave Violet Exit	(Union Cave Main)
Route 36 to National Park Gate Entrance	(Route 36)	->	SILVER_CAVE_ROOM_1 Exit	(Silver Cave Room 1)
Route 36 to Ruins Gate Entrance	(Violet)	->	Route 22 to Victory Road Gate Entrance	(West Kanto)
Route 38 to Ecruteak Gate Entrance	(Olivine)	->	Route 38 Exit from Ecruteak 	(Ecruteak/Route 38 Gate)
ROUTE_39_BARN Entrance	(Olivine)	->	Miltank Barn Exit	(Miltank Barn)
ROUTE_39_FARMHOUSE Entrance	(Olivine)	->	Farmhouse Exit	(Farmhouse)
Route 40 to Battle Tower Gate Entrance	(Olivine)	->	Mt Mortar Middle Exit	(Mt Mortar Middle Entrance Hall)
WHIRL_ISLAND_NW Entrance	(Whirl NW)	->	Union Cave Ruins Grass Entrance	(Ruins of Alph Grass)
WHIRL_ISLAND_NE Entrance	(Whirl NE)	->	Tojho West Exit	(Tojho Falls West)
WHIRL_ISLAND_SW Entrance	(Whirl SW)	->	Route 32 to Ruins Gate Entrance	(Violet)
WHIRL_ISLAND_SE Entrance	(Whirl SE)	->	Ilex to Azalea Gate Exit	(Azalea/Ilex Gate)
Route 42 to Ecruteak Gate Entrance	(Route 42 West)	->	Route 42 Exit from Ecruteak 	(Ecruteak/Route 42 Gate)
Mortar Entrance West Entrance	(Route 42 West)	->	SAFFRON_MAGNET_TRAIN_STATION Exit	(Saffron Station)
Mortar Entrance Center Entrance	(Route 42 Center)	->	WHIRL_ISLAND_NW Exit	(Whirl Island NW Exit)
Mortar Entrance East Entrance	(Mahogany)	->	Route 4 Mt Moon Entrance	(Route 4)
Route 43 to Mahogany Gate Entrance	(Lake Of Rage)	->	Route 43 Exit from Mahogoney 	(Mahogany/Route 43 Gate)
Route 43 Gate North Entrance	(Lake Of Rage)	->	Route 43 Gate South Exit	(Route 43 Gate)
Route 43 Gate South Entrance	(Lake Of Rage)	->	Route 43 Gate North Exit	(Route 43 Gate)
Route 44 Ice Path Entrance	(Mahogany 7 Badges)	->	Blackthorn City Ice Path Entrance	(Blackthorn)
DARK_CAVE_BLACKTHORN_ENTRANCE Entrance	(Blackthorn)	->	Victory Road Gate to Route 28 	(Victory Road Gate Mt Silver)
Route 46 to Route 29 Gate Entrance	(Blackthorn Lower)	->	Route 29 to Route 46 Gate Exit	(Route 29/46 Gate)
Route 46 Dark Cave Entrance	(Blackthorn Lower Still)	->	Route 28 East to Victory Road Gate Entrance	(Silver Outside)
PEWTER_NIDORAN_SPEECH_HOUSE Entrance	(West Kanto)	->	PEWTER_NIDORAN_SPEECH_HOUSE Exit	(Pewter Nidoran House)
PEWTER_GYM Entrance	(West Kanto)	->	PEWTER_GYM Exit	(Pewter Gym)
PEWTER_POKECENTER_1F Entrance	(West Kanto)	->	PEWTER_POKECENTER_1F Exit	(Pewter Center)
PEWTER_SNOOZE_SPEECH_HOUSE Entrance	(West Kanto)	->	PEWTER_SNOOZE_SPEECH_HOUSE Exit	(Pewter Snooze House)
ROUTE_2_NUGGET_HOUSE Entrance	(Route 2 Diglett)	->	ROUTE_2_NUGGET_HOUSE Exit	(Route 2 Nugget House)
Route 2 Gate North Entrance	(Route 2 Cut)	->	Route 2 North to Route 2 South Gate Exit	(Route 2 Gate)
Route 2 Gate South Entrance	(Route 2 South)	->	Route 2 South to Route 2 North Gate Exit	(Route 2 Gate)
Route 2 Digletts Cave Entrance	(Route 2 Diglett)	->	Union Cave Ledges Exit	(Union Cave Strength)
VIRIDIAN_GYM Entrance	(West Kanto)	->	VIRIDIAN_GYM Exit	(Viridian Gym)
VIRIDIAN_NICKNAME_SPEECH_HOUSE Entrance	(West Kanto)	->	VIRIDIAN_NICKNAME_SPEECH_HOUSE Exit	(Viridian House)
TRAINER_HOUSE_1F Entrance	(West Kanto)	->	TRAINER_HOUSE_1F Exit	(Trainer House 1F)
VIRIDIAN_POKECENTER_1F Entrance	(West Kanto)	->	VIRIDIAN_POKECENTER_1F Exit	(Viridian Center)
Route 22 to Victory Road Gate Entrance	(West Kanto)	->	WHIRL_ISLAND_SW Exit	(Whirl Island SW)
REDS_HOUSE_1F Entrance	(West Kanto)	->	REDS_HOUSE_1F Exit	(Reds House)
BLUES_HOUSE Entrance	(West Kanto)	->	BLUES_HOUSE Exit	(Blues House)
OAKS_LAB Entrance	(West Kanto)	->	OAKS_LAB Exit	(Oaks Lab)
CINNABAR_POKECENTER_1F Entrance	(Cinnabar)	->	CINNABAR_POKECENTER_1F Exit	(Cinnabar Pokecenter)
SEAFOAM_GYM Entrance	(Seafoam Gym Entrance)	->	SEAFOAM_GYM Exit	(Seafoam Gym)
ROUTE_19_FUCHSIA_GATE Entrance	(Route 19 Boulders)	->	Route 19 Exit from Fuschia  	(Fucshia/Route 19 Gate)
SAFARI_ZONE_MAIN_OFFICE Entrance	(Fuchsia)	->	SAFARI_ZONE_MAIN_OFFICE Exit	(Safari Zone Office)
FUCHSIA_GYM Entrance	(Fuchsia)	->	FUCHSIA_GYM Exit	(Fuchsia Gym)
BILLS_BROTHERS_HOUSE Entrance	(Fuchsia)	->	BILLS_BROTHERS_HOUSE Exit	(Fuchsia Bills Brothers House)
FUCHSIA_POKECENTER_1F Entrance	(Fuchsia)	->	FUCHSIA_POKECENTER_1F Exit	(Fuchsia Center)
SAFARI_ZONE_WARDENS_HOME Entrance	(Fuchsia)	->	SAFARI_ZONE_WARDENS_HOME Exit	(Wardens House)
X 	(X)	->	X 	()
Fuchsia To Route 15 Gate Entrance	(Fuchsia)	->	Route 32 Union Cave Entrance	(Route 32)
Fuchsia To Route 19 Gate Entrance	(Fuchsia)	->	Route 2 Digletts Cave Entrance	(Route 2 Diglett)
Route 18 to Route 17 Gate Entrance	(Fuchsia)	->	Digletts Cave Vermilion Exit	(Digletts Cave Vermilion Side)
Route 17 to Route 18 Gate Entrance	(Cycling Road)	->	Route 18 to Route 17 Gate Exit	(Fuschia/Cycling Road Gate)
ROUTE_16_FUCHSIA_SPEECH_HOUSE Entrance	(Celadon Cut North)	->	Route 16 Hidden House Exit	(Route 16 Hidden House)
Route 16 to Celadon Gate Entrance	(Cycling Road)	->	Route 16 to Celadon Gate Exit	(Celadon/Cycling Road Gate)
Celadon to Route 16 Gate Entrance	(Celadon)	->	Celadon to Route 16 Gate Exit	(Celadon/Cycling Road Gate)
CELADON_DEPT_STORE_1F Entrance	(Celadon)	->	CELADON_DEPT_STORE_1F Exit	(Celadon Dept. Store)
Celadon Mansion Front  Entrance	(Celadon)	->	Celadon Mansion Main Exit	(Celadon Mansion 1F)
Celadon Mansion Back Entrance	(Celadon)	->	Celadon Mansion Back Exit	(Celadon Mansion 1F Back)
CELADON_POKECENTER_1F Entrance	(Celadon)	->	CELADON_POKECENTER_1F Exit	(Celadon Center)
CELADON_GAME_CORNER Entrance	(Celadon)	->	CELADON_GAME_CORNER Exit	(Celadon Game Corner)
CELADON_GAME_CORNER_PRIZE_ROOM Entrance	(Celadon)	->	CELADON_GAME_CORNER_PRIZE_ROOM Exit	(Celadon Prize Corner)
CELADON_GYM Entrance	(Celadon Gym Outside)	->	CELADON_GYM Exit	(Celadon Gym)
CELADON_CAFE Entrance	(Celadon)	->	CELADON_CAFE Exit	(Celadon Caf?)
Route 7 to Saffron Gate Entrance	(Celadon)	->	Route 7 to Saffron Gate Exit	(Saffron/Route 7 Gate)
Route 15 to Fuschia Gate Entrance	(East Kanto)	->	Fuschia to Route 15 Exit	(Fuchsia/Route 15 Gate)
ROUTE_12_SUPER_ROD_HOUSE Entrance	(East Kanto)	->	ROUTE_12_SUPER_ROD_HOUSE Exit	(Super Rod House)
LAVENDER_POKECENTER_1F Entrance	(East Kanto)	->	LAVENDER_POKECENTER_1F Exit	(Lavender Center)
MR_FUJIS_HOUSE Entrance	(East Kanto)	->	MR_FUJIS_HOUSE Exit	(Fujis House)
LAVENDER_SPEECH_HOUSE Entrance	(East Kanto)	->	LAVENDER_SPEECH_HOUSE Exit	(Lavender Speech House)
LAVENDER_NAME_RATER Entrance	(East Kanto)	->	LAVENDER_NAME_RATER Exit	(Lavender Name Rater)
SOUL_HOUSE Entrance	(East Kanto)	->	SOUL_HOUSE Exit	(Soul House)
LAV_RADIO_TOWER_1F Entrance	(East Kanto)	->	LAV_RADIO_TOWER_1F Exit	(Lavender Radio Tower)
VERMILION_FISHING_SPEECH_HOUSE Entrance	(Vermilion)	->	VERMILION_FISHING_SPEECH_HOUSE Exit	(Vermilion Fishing House)
VERMILION_POKECENTER_1F Entrance	(Vermilion)	->	VERMILION_POKECENTER_1F Exit	(Vermilion Center)
POKEMON_FAN_CLUB Entrance	(Vermilion)	->	POKEMON_FAN_CLUB Exit	(Fan Club)
VERMILION_MAGNET_TRAIN_SPEECH_HOUSE Entrance	(Vermilion)	->	VERMILION_MAGNET_TRAIN_SPEECH_HOUSE Exit	(Vermilion Train House)
VERMILION_DIGLETTS_CAVE_SPEECH_HOUSE Entrance	(Vermilion)	->	VERMILION_DIGLETTS_CAVE_SPEECH_HOUSE Exit	(Vermilion Diglett House)
VERMILION_GYM Entrance	(Vermillion Gym Access)	->	VERMILION_GYM Exit	(Vermilion Gym)
VERMILION_PORT_PASSAGE Entrance	(Vermilion)	->	VERMILION_PORT_PASSAGE Exit	(Vermilion Port House)
Vermilion Digletts Cave Entrance	(Snorlax)	->	National Park to Route 36 Gate Exit	(National Park/Route 36 Gate)
ROUTE_6_UNDERGROUND_PATH_ENTRANCE Entrance	(Vermilion Power)	->	WHIRL_ISLAND_NE Exit	(Whirl Island NE)
Route 6 to Saffron Gate Entrance	(Vermilion)	->	Saffron to Route 6 Gate Exit	(Saffron/Route 6 Gate)
FIGHTING_DOJO Entrance	(Saffron)	->	FIGHTING_DOJO Exit	(Fighting Dojo)
SAFFRON_GYM Entrance	(Saffron)	->	Saffron Gym Exit 	(Saffron Gym South)
SAFFRON_POKECENTER_1F Entrance	(Saffron)	->	SAFFRON_POKECENTER_1F Exit	(Saffron Center)
MR_PSYCHICS_HOUSE Entrance	(Saffron)	->	MR_PSYCHICS_HOUSE Exit	(Mr Psychics House)
SAFFRON_MAGNET_TRAIN_STATION Entrance	(Saffron)	->	Saffron to Route 8 Gate Entrance	(Saffron)
SILPH_CO_1F Entrance	(Saffron)	->	SILPH_CO_1F Exit	(Silph Co)
COPYCATS_HOUSE_1F Entrance	(Saffron)	->	COPYCATS_HOUSE_1F Exit	(Copycats House)
Saffron to Route 5 Gate Entrance	(Saffron)	->	Ruins to Route 36 Gate Exit	(Ruins/Route 36 Gate)
Saffron to Route 7 Gate Entrance	(Saffron)	->	Ilex to Route 34 Gate Exit	(Ilex/Route 34 Gate)
Saffron to Route 6 Gate Entrance	(Saffron)	->	Route 17 to Route 18 Gate Exit	(Fuschia/Cycling Road Gate)
Saffron to Route 8 Gate Entrance	(Saffron)	->	Slowpoke Well Exit	(Slowpoke Well Main Entrance)
ROUTE_5_UNDERGROUND_PATH_ENTRANCE Entrance	(Cerulean Power)	->	DRAGONS_DEN_1F Entrance	(Blackthorn Clair Defeated Surf)
Route 5 to Saffron Gate Entrance	(Cerulean)	->	Saffron to Route 5 Gate Exit	(Saffron/Route 5 Gate)
ROUTE_5_CLEANSE_TAG_HOUSE Entrance	(Cerulean)	->	ROUTE_5_CLEANSE_TAG_HOUSE Exit	(Route 5 Cleanse Tag House)
CERULEAN_GYM_BADGE_SPEECH_HOUSE Entrance	(Cerulean)	->	CERULEAN_GYM_BADGE_SPEECH_HOUSE Exit	(Cerulean Gym Badge House)
CERULEAN_POLICE_STATION Entrance	(Cerulean)	->	CERULEAN_POLICE_STATION Exit	(Cerulean Dig House)
CERULEAN_TRADE_SPEECH_HOUSE Entrance	(Cerulean)	->	CERULEAN_TRADE_SPEECH_HOUSE Exit	(Cerulean Trade Speech House)
CERULEAN_POKECENTER_1F Entrance	(Cerulean)	->	CERULEAN_POKECENTER_1F Exit	(Cerulean Pokecenter)
CERULEAN_GYM Entrance	(Cerulean)	->	CERULEAN_GYM Exit	(Cerulean Gym)
Route 9 Rock Tunnel Entrance	(Route 9 Route)	->	Route 44 Ice Path Entrance	(Mahogany 7 Badges)
BILLS_HOUSE Entrance	(Cerulean)	->	BILLS_HOUSE Exit	(Bills Grandfather House)
Route 3 Mt Moon Entrance	(West Kanto)	->	Mt Moon Route 3 Exit	(Mount Moon Main)
Route 4 Mt Moon Entrance	(Route 4)	->	SILVER_CAVE_ROOM_1 Entrance	(Silver Outside)
Route 8 to Saffron Gate Entrance	(West Kanto)	->	Saffron to Route 8 Gate 	(Saffron/Route 8 Gate)
ROUTE_10_POKECENTER_1F Entrance	(Route 9 Route)	->	ROUTE_10_POKECENTER_1F Exit	(Route 10 Pokecenter)
POWER_PLANT Entrance	(Power Entrance)	->	POWER_PLANT Exit	(Power Plant Building)
Route 10 Rock Tunnel Entrance	(West Kanto)	->	WHIRL_ISLAND_SE Entrance	(Whirl SE)
INDIGO_PLATEAU_POKECENTER_1F Entrance	(Route 23)	->	INDIGO_PLATEAU_POKECENTER_1F Exit	(Indigo Plateau)
VICTORY_ROAD Entrance	(Route 23)	->	VICTORY_ROAD Exit	(Victory Road Hall 3)
SPROUT_TOWER_1F Exit	(Sprout Tower 1F)	->	Sprout Tower Entrance Entrance	(Violet)
Sprout Tower Entrance Up 	(Sprout Tower 1F)	->	Sprout Tower 2F Part 1 Down 	(Sprout Tower 2F Part 1)
Sprout Tower 1F Part 2 Up 	(Sprout Tower 1F Part 2)	->	Sprout Tower 2F Part 2 Down 	(Sprout Tower 2F Part 2)
Sprout Tower 1F Part 2 Down 	(Sprout Tower 1F Part 2)	->	Sprout Tower 2F Part 1 Up 	(Sprout Tower 2F Part 1)
Sprout Tower 2F Part 1 Down 	(Sprout Tower 2F Part 1)	->	Sprout Tower Entrance Up 	(Sprout Tower 1F)
Sprout Tower 2F Part 2 Down 	(Sprout Tower 2F Part 2)	->	Sprout Tower 1F Part 2 Up 	(Sprout Tower 1F Part 2)
Sprout Tower 2F Part 1 Up 	(Sprout Tower 2F Part 1)	->	Sprout Tower 1F Part 2 Down 	(Sprout Tower 1F Part 2)
Sprout Tower 2F Part 2 Up 	(Sprout Tower 2F Part 2)	->	Sprout Tower 3F Down 	(Sprout Tower 3F)
Sprout Tower 3F Down 	(Sprout Tower 3F)	->	Sprout Tower 2F Part 2 Up 	(Sprout Tower 2F Part 2)
Tin Tower Exit	(Tin Tower 1F)	->	TIN_TOWER_1F Entrance	(Ecruteak)
Tin Tower 1F Up 	(Tin Tower 1F Rainbow Wing)	->	Tin Tower 2F Down 	(Tin Tower 2F)
Tin Tower 2F Up 	(Tin Tower 2F)	->	Tin Tower 3F Down 	(Tin Tower 3F)
Tin Tower 2F Down 	(Tin Tower 2F)	->	Tin Tower 1F Up 	(Tin Tower 1F Rainbow Wing)
Tin Tower 3F Down 	(Tin Tower 3F)	->	Tin Tower 2F Up 	(Tin Tower 2F)
Tin Tower 3F Up 	(Tin Tower 3F)	->	Tin Tower 4F North East 	(Tin Tower 4F)
Tin Tower 4F North West 	(Tin Tower 4F)	->	Tin Tower 5F North West 	(Tin Tower 5F Start)
Tin Tower 4F North East 	(Tin Tower 4F)	->	Tin Tower 3F Up 	(Tin Tower 3F)
Tin Tower 4F South West 	(Tin Tower 4F)	->	Tin Tower 5F West Down 	(Tin Tower 5F West Down)
Tin Tower 4F South East 	(Tin Tower 4F)	->	Tin Tower 5F East Down 	(Tin Tower 5F East Down)
Tin Tower 5F Up 	(Tin Tower 5F Up)	->	Tin Tower 6F Down 	(Tin Tower 6F)
Tin Tower 5F North West 	(Tin Tower 5F Start)	->	Tin Tower 4F North West 	(Tin Tower 4F)
Tin Tower 5F West Down 	(Tin Tower 5F West Down)	->	Tin Tower 4F South West 	(Tin Tower 4F)
Tin Tower 5F East Down 	(Tin Tower 5F East Down)	->	Tin Tower 4F South East 	(Tin Tower 4F)
Tin Tower 6F Up 	(Tin Tower 6F)	->	Tin Tower 7F Down 	(Tin Tower 7F)
Tin Tower 6F Down 	(Tin Tower 6F)	->	Tin Tower 5F Up 	(Tin Tower 5F Up)
Tin Tower 7F Down 	(Tin Tower 7F)	->	Tin Tower 6F Up 	(Tin Tower 6F)
Tin Tower 7F Warp South 	(Tin Tower 7F)	->	Tin Tower 8F Left North 	(Tin Tower 8F Left)
Tin Tower 7F Warp East 	(Tin Tower 7F Center)	->	Tin Tower 7F Warp North 	(Tin Tower 7F)
Tin Tower 7F Warp North 	(Tin Tower 7F)	->	Tin Tower 7F Warp East 	(Tin Tower 7F Center)
Tin Tower 7F Warp West 	(Tin Tower 7F Center)	->	Tin Tower 9F Warp Top 	(Tin Tower 9F Warps)
Tin Tower 8F Left North 	(Tin Tower 8F Left)	->	Tin Tower 7F Warp South 	(Tin Tower 7F)
Tin Tower 8F Left South 	(Tin Tower 8F Left)	->	Tin Tower 9F Top East 	(Tin Tower 9F Top)
Tin Tower 8F Top South 	(Tin Tower 8F Top)	->	Tin Tower 9F Top West 	(Tin Tower 9F Top)
Tin Tower 8F Top North 	(Tin Tower 8F Top)	->	Tin Tower Roof Warp 	(Tin Tower 9F Center)
Tin Tower 8F Item Room Ledges Warp 	(Tin Tower 8F Item Room Ledges)	->	Tin Tower 9F Warp Left 	(Tin Tower 9F Warps)
Tin Tower 8F Item Room Warp 	(Tin Tower 8F Item Room)	->	Tin Tower 9F Warp Right 	(Tin Tower 9F Warps)
Tin Tower 9F Top East 	(Tin Tower 9F Top)	->	Tin Tower 8F Left South 	(Tin Tower 8F Left)
Tin Tower 9F Top West 	(Tin Tower 9F Top)	->	Tin Tower 8F Top South 	(Tin Tower 8F Top)
Tin Tower Roof Warp 	(Tin Tower 9F Center)	->	Tin Tower 8F Top North 	(Tin Tower 8F Top)
Tin Tower Roof Entrance	(Tin Tower 9F Center)	->	TIN_TOWER_ROOF Exit	(Tin Tower Roof)
Tin Tower 9F Warp Top 	(Tin Tower 9F Warps)	->	Tin Tower 7F Warp West 	(Tin Tower 7F Center)
Tin Tower 9F Warp Left 	(Tin Tower 9F Warps)	->	Tin Tower 8F Item Room Ledges Warp 	(Tin Tower 8F Item Room Ledges)
Tin Tower 9F Warp Right 	(Tin Tower 9F Warps)	->	Tin Tower 8F Item Room Warp 	(Tin Tower 8F Item Room)
Burned Tower Exit	(Burned Tower 1F)	->	BURNED_TOWER_1F Entrance	(Ecruteak)
X 	()	->	X 	()
null	(null)	->	X 	()
null	(null)	->	X 	()
X 	()	->	X 	()
null	(null)	->	null	(null)
X 	()	->	X 	()
X 	()	->	X 	()
Burned Tower Ladder Down 	(Burned Tower 1F Down)	->	Burned Tower Ladder Up 	(Burned Tower Basement)
X 	()	->	X 	()
X 	()	->	X 	()
null	(null)	->	null	(null)
X 	()	->	X 	()
X 	()	->	X 	()
Burned Tower Ladder Up 	(Burned Tower Basement)	->	Burned Tower Ladder Down 	(Burned Tower 1F Down)
National Park South Exit	(National Park)	->	Route 36 to National Park Gate Exit	(National Park/Route 36 Gate)
National Park East Exit	(National Park)	->	Route 35 to National Park Gate Exit	(National Park/Route 35 Gate)
Contest to Route 36 Exit	(National Park Contest)	->	Route 36 to National Park Gate Exit	(National Park/Route 36 Gate)
Contest to Route 35 Exit	(National Park Contest)	->	Route 35 to National Park Gate Exit	(National Park/Route 35 Gate)
Goldenrod Radio Tower Exit	(Radio Tower 1F)	->	RADIO_TOWER_1F Entrance	(Goldenrod)
Radio Tower 1F Up 	(Radio Tower 1F)	->	Radio Tower 2F Down 	(Radio Tower 2F)
Radio Tower 2F Up 	(Radio Tower 2F Rockets)	->	Radio Tower 3F Down 	(Radio Tower 3F)
Radio Tower 2F Down 	(Radio Tower 2F)	->	Radio Tower 1F Up 	(Radio Tower 1F)
Radio Tower 3F Down 	(Radio Tower 3F)	->	Radio Tower 2F Up 	(Radio Tower 2F Rockets)
Radio Tower 3F Director Side Up 	(Radio Tower 3F)	->	Radio Tower 4F Director Side Down 	(Radio Tower 4F Director Side)
Radio Tower 3F Rocket Side Up 	(Radio Tower 3F Maybe Card Key)	->	Radio Tower 4F Rocket Side Down 	(Radio Tower 4F Rocket Side)
Radio Tower 4F Director Side Up 	(Radio Tower 4F Director Side)	->	Radio Tower Directors Room Exit	(Radio Tower Directors Room)
Radio Tower 4F Director Side Down 	(Radio Tower 4F Director Side)	->	Radio Tower 3F Director Side Up 	(Radio Tower 3F)
Radio Tower 4F Rocket Side Up 	(Radio Tower 4F Rocket Side)	->	Radio Tower Hub Exit	(Radio Tower Hub)
Radio Tower 4F Rocket Side Down 	(Radio Tower 4F Rocket Side)	->	Radio Tower 3F Rocket Side Up 	(Radio Tower 3F Maybe Card Key)
Radio Tower Directors Room Exit	(Radio Tower Directors Room)	->	Radio Tower 4F Director Side Up 	(Radio Tower 4F Director Side)
Radio Tower Hub Exit	(Radio Tower Hub)	->	Radio Tower 4F Rocket Side Up 	(Radio Tower 4F Rocket Side)
RUINS_OF_ALPH_HO_OH_CHAMBER Entrance	(Ruins of Alph Grass)	->	Ho-Oh Chamber Exit	(Ho-Oh Chamber)
RUINS_OF_ALPH_KABUTO_CHAMBER Entrance	(Ruins of Alph Main)	->	Escape Rope Chamber Exit	(Escape Rope Chamber)
RUINS_OF_ALPH_OMANYTE_CHAMBER Entrance	(Ruins Ledge Middle)	->	RUINS_OF_ALPH_OMANYTE_CHAMBER Exit	(Water Stone Chamber)
RUINS_OF_ALPH_AERODACTYL_CHAMBER Entrance	(Ruins Surf)	->	Flash Chamber Exit	(Flash Chamber)
RUINS_OF_ALPH_INNER_CHAMBER Entrance	(Ruins of Alph Main)	->	RUINS_OF_ALPH_INNER_CHAMBER Exit	(Ruins of Alph Inner Chamber)
RUINS_OF_ALPH_RESEARCH_CENTER Entrance	(Ruins of Alph Main)	->	RUINS_OF_ALPH_RESEARCH_CENTER Exit	(Ruins Research Center)
Union Cave Ruins Grass Entrance	(Ruins of Alph Grass)	->	WHIRL_ISLAND_SW Entrance	(Whirl SW)
Union Cave Ruins Ledges Entrance	(Ruins Of Alph Top Ledge)	->	Mt Mortar West Exit	(Mt Mortar West)
Ruins to Route 36 Gate Entrance	(Ruins of Alph Main)	->	Route 36 to Ruins Gate Exit	(Ruins/Route 36 Gate)
Ruins to Route 32 Gate Entrance	(Ruins of Alph Main)	->	Ruins to Route 32 Gate Exit	(Ruins/Route 32 Gate)
Ho-Oh Chamber Exit	(Ho-Oh Chamber)	->	RUINS_OF_ALPH_HO_OH_CHAMBER Entrance	(Ruins of Alph Grass)
X 	()	->	X 	()
RUINS_OF_ALPH_HO_OH_ITEM_ROOM Entrance	(Ho-Oh In Party)	->	Ho-Oh Item Room Exit	(Ho-Oh Item Room)
Escape Rope Chamber Exit	(Escape Rope Chamber)	->	RUINS_OF_ALPH_KABUTO_CHAMBER Entrance	(Ruins of Alph Main)
X 	()	->	X 	()
RUINS_OF_ALPH_KABUTO_ITEM_ROOM Entrance	(Escape Rope Had)	->	Escape Rope Item Room Exit	(Escape Rope Item Room)
RUINS_OF_ALPH_OMANYTE_CHAMBER Exit	(Water Stone Chamber)	->	RUINS_OF_ALPH_OMANYTE_CHAMBER Entrance	(Ruins Ledge Middle)
X 	()	->	X 	()
RUINS_OF_ALPH_OMANYTE_ITEM_ROOM Entrance	(Water Stone Have)	->	Water Stone Item Room Exit	(Water Stone Item Room)
Flash Chamber Exit	(Flash Chamber)	->	RUINS_OF_ALPH_AERODACTYL_CHAMBER Entrance	(Ruins Surf)
X 	()	->	X 	()
Flash Have Entrance	(Flash Have)	->	Flash Item Room Exit	(Flash Item Room)
RUINS_OF_ALPH_INNER_CHAMBER Exit	(Ruins of Alph Inner Chamber)	->	RUINS_OF_ALPH_INNER_CHAMBER Entrance	(Ruins of Alph Main)
X 	()	->	X 	()
X 	()	->	X 	()
X 	()	->	X 	()
X 	()	->	X 	()
RUINS_OF_ALPH_RESEARCH_CENTER Exit	(Ruins Research Center)	->	RUINS_OF_ALPH_RESEARCH_CENTER Entrance	(Ruins of Alph Main)
Ho-Oh Item Room Exit	(Ho-Oh Item Room)	->	RUINS_OF_ALPH_HO_OH_ITEM_ROOM Entrance	(Ho-Oh In Party)
X 	()	->	X 	()
Escape Rope Item Room Exit	(Escape Rope Item Room)	->	RUINS_OF_ALPH_KABUTO_ITEM_ROOM Entrance	(Escape Rope Had)
X 	()	->	X 	()
Water Stone Item Room Exit	(Water Stone Item Room)	->	RUINS_OF_ALPH_OMANYTE_ITEM_ROOM Entrance	(Water Stone Have)
X 	(Flash Item Room)	->	X 	()
Flash Item Room Exit	(Flash Item Room)	->	Flash Have Entrance	(Flash Have)
X 	()	->	X 	()
X 	()	->	X 	()
null	(null)	->	X 	()
X 	()	->	X 	()
null	(null)	->	X 	()
X 	()	->	X 	(Flash Item Room)
null	(null)	->	X 	()
X 	()	->	X 	()
null	(null)	->	X 	()
Union Cave 1F Down Ladder 	(Union Cave Main)	->	Union Cave B1F Up Ladder 	(Union Cave B1F)
Union Cave Surf Ladder Down 	(Union Cave Surf Down)	->	Union Cave Passage West Ladder 	(Union Cave Pass West)
Union Cave Azalea Exit	(Union Cave Main)	->	Ice Path Blackthorn City Exit	(Ice Path Blackthorn Side)
Union Cave Violet Exit	(Union Cave Main)	->	Route 46 Dark Cave Entrance	(Blackthorn Lower Still)
Union Cave Grass Exit	(Union Cave B1F Back)	->	Route 36 to National Park Gate Entrance	(Route 36)
Union Cave Ledges Exit	(Union Cave Strength)	->	Union Cave Grass Exit	(Union Cave B1F Back)
Union Cave B1F Up Ladder 	(Union Cave B1F)	->	Union Cave 1F Down Ladder 	(Union Cave Main)
Union Cave Passage West Ladder 	(Union Cave Pass West)	->	Union Cave Surf Ladder Down 	(Union Cave Surf Down)
Union Cave Passage East Ladder 	(Union Cave Pass East)	->	Union Cave Lapras Basement Exit	(Union Cave Lapras Basement)
Union Cave Lapras Basement Exit	(Union Cave Lapras Basement)	->	Union Cave Passage East Ladder 	(Union Cave Pass East)
Slowpoke Well Exit	(Slowpoke Well Main Entrance)	->	Battle Tower to Route 40 Gate Exit	(Battle Tower/Route 40 Gate)
Slowpoke Well Basement Access Exit	(Slowpoke Well HM Locked)	->	Slowpoke Well Basement Exit	(Slowpoke Well Basement)
Slowpoke Well Basement Exit	(Slowpoke Well Basement)	->	Slowpoke Well Basement Access Exit	(Slowpoke Well HM Locked)
OLIVINE_LIGHTHOUSE_1F Exit	(Lighthouse 1F)	->	OLIVINE_LIGHTHOUSE_1F Entrance	(Olivine)
Lighthouse 1F Up 	(Lighthouse 1F)	->	Lighthouse 2F Down 	(Lighthouse 2F)
X 	()	->	X 	()
Lighthouse 2F Down 	(Lighthouse 2F)	->	Lighthouse 1F Up 	(Lighthouse 1F)
Lighthouse 2F Up 	(Lighthouse 2F)	->	Lighthouse 3F Down 	(Lighthouse 3F)
X 	()	->	X 	()
X 	()	->	X 	()
Lighthouse 3F Up 	(Lighthouse 3F)	->	Lighthouse 4F Down 	(Lighthouse 4F)
Lighthouse 3F Down 	(Lighthouse 3F)	->	Lighthouse 2F Up 	(Lighthouse 2F)
Lighthouse 3F Middle Up 	(Lighthouse 3F Middle)	->	Lighthouse 4F Middle Down 	(Lighthouse 4F Middle)
X 	()	->	X 	()
X 	()	->	x 	()
X 	()	->	x 	()
Lighthouse 4F Down 	(Lighthouse 4F)	->	Lighthouse 3F Up 	(Lighthouse 3F)
Lighthouse 4F Up 	(Lighthouse 4F)	->	Lighthouse 5F Down 	(Lighthouse 5F)
Lighthouse 4F Middle Up 	(Lighthouse 4F Middle)	->	Lighthouse 5F Center Down 	(Lighthouse 5F Center)
Lighthouse 4F Middle Down 	(Lighthouse 4F Middle)	->	Lighthouse 3F Middle Up 	(Lighthouse 3F Middle)
x 	()	->	X 	()
x 	()	->	X 	()
x 	()	->	X 	()
Lighthouse 5F Center Up 	(Lighthouse 5F Center)	->	Lighthouse Roof Ladder Down 	(Lighthouse Roof)
Lighthouse 5F Down 	(Lighthouse 5F)	->	Lighthouse 4F Up 	(Lighthouse 4F)
Lighthouse 5F Center Down 	(Lighthouse 5F Center)	->	Lighthouse 4F Middle Up 	(Lighthouse 4F Middle)
X 	()	->	x 	()
X 	()	->	Lighthouse Roof Hole 	(Lighthouse Roof Hole)
Lighthouse Roof Ladder Down 	(Lighthouse Roof)	->	Lighthouse 5F Center Up 	(Lighthouse 5F Center)
Lighthouse Roof Hole 	(Lighthouse Roof Hole)	->	X 	()
Mahogany Shop  Exit	(Rocket Base Entrance)	->	MAHOGANY_MART_1F Entrance	(Mahogany)
Rocket Base Entrance	(Rocket Base Entrance Open)	->	TEAM_ROCKET_BASE_B1F Exit	(Rocket Base Statue Room)
TEAM_ROCKET_BASE_B1F Exit	(Rocket Base Statue Room)	->	Rocket Base Entrance	(Rocket Base Entrance Open)
Rocket Base Statue Room Stairs Down 	(Rocket Base Statue Room)	->	Generator Passage Ladder Up 	(Generator Passage)
X 	()	->	X 	()
X 	()	->	X 	()
Generator Passage Ladder Up 	(Generator Passage)	->	Rocket Base Statue Room Stairs Down 	(Rocket Base Statue Room)
Generator Room North West 	(Rocket Base B2F)	->	Passwords Room 	(Rocket Hideout Admin Room)
Generator Room North East 	(Rocket Base B2F)	->	Passwords Room Stairs North 	(Rocket Hideout Passwords Room)
Thief Room Exit	(Thief Room)	->	Thief Room Entrance	(Rocket Hideout Admin Room)
Generator Passage Ladder Down 	(Generator Passage)	->	Passwords Room Stairs South 	(Rocket Hideout Passwords Room)
Passwords Room 	(Rocket Hideout Admin Room)	->	Generator Room North West 	(Rocket Base B2F)
Passwords Room Stairs North 	(Rocket Hideout Passwords Room)	->	Generator Room North East 	(Rocket Base B2F)
Thief Room Entrance	(Rocket Hideout Admin Room)	->	Thief Room Exit	(Thief Room)
Passwords Room Stairs South 	(Rocket Hideout Passwords Room)	->	Generator Passage Ladder Down 	(Generator Passage)
Ilex to Route 34 Gate Entrance	(Ilex North)	->	Route 34 to Ilex Gate Exit	(Ilex/Route 34 Gate)
Ilex to Azalea Gate Entrance	(Ilex South)	->	Azalea to Ilex Gate Exit	(Azalea/Ilex Gate)
Goldenrod Underground North Exit	(Goldenrod Underground)	->	Goldenrod Underground South Hall Stairs 	(Goldenrod Underground South Hall)
Goldenrod Underground South Exit	(Goldenrod Underground)	->	Goldenrod Underground North Hall Ladder 	(Goldenrod Underground North Hall)
Goldenrod Underground Basement Key 	(Goldenrod Underground Basement Key)	->	Basement Passage Carpet 	(Goldenrod Underground Basement Passage)
Basement Passage Carpet 	(Goldenrod Underground Basement Passage)	->	Goldenrod Underground Basement Key 	(Goldenrod Underground Basement Key)
Basement Passage Stairs 	(Goldenrod Underground Basement Passage)	->	Underground Switch Room Exit	(Goldenrod Underground Switch Room)
Underground Switch Room Exit	(Goldenrod Underground Switch Room)	->	Basement Passage Stairs 	(Goldenrod Underground Basement Passage)
Warehouse Entrance	(Goldenrod Underground Switch Room)	->	Warehouse to Switch Room Exit	(Goldenrod Warehouse)
Goldenrod Underground North Hall Ladder 	(Goldenrod Underground North Hall)	->	Goldenrod Underground South Exit	(Goldenrod Underground)
Goldenrod Underground North Hall Carpet Entrance	(Goldenrod Underground North Hall)	->	Goldenrod Underground South Entrance	(Goldenrod Rocket Corner Block)
Goldenrod Underground South Hall Stairs 	(Goldenrod Underground South Hall)	->	Goldenrod Underground North Exit	(Goldenrod Underground)
Goldenrod Underground South Hall Carpet 	(Goldenrod Underground South Hall)	->	Goldenrod Underground North Entrance	(Goldenrod)
Goldenrod Warehouse From Dept. Store 	(Goldenrod Dept. Store Basement Door)	->	Goldenrod Warehouse to Dept. Store 	(Goldenrod Warehouse)
Warehouse to Switch Room Exit	(Goldenrod Warehouse)	->	Warehouse Entrance	(Goldenrod Underground Switch Room)
Goldenrod Warehouse to Dept. Store 	(Goldenrod Warehouse)	->	Goldenrod Warehouse From Dept. Store 	(Goldenrod Dept. Store Basement Door)
Mt Mortar West Exit	(Mt Mortar West)	->	Union Cave Azalea Exit	(Union Cave Main)
Mt Mortar Middle Exit	(Mt Mortar Middle Entrance Hall)	->	Ecruteak Exit from Route 38 	(Ecruteak/Route 38 Gate)
Mt Mortar East Exit	(Mt Mortar East)	->	GOLDENROD_MAGNET_TRAIN_STATION Entrance	(Goldenrod)
Mt Mortar Waterfall Cave Entrance	(Mt Mortar Middle Entrance Hall Waterfall)	->	Mortar Waterfall Exit 	(Mortar Waterfall Room South)
Mt Mortar West Cave Entrance	(Mt Mortar West)	->	Mt Mortar Middle West Exit	(Mt Mortar Middle)
Mt Mortar East Cave Entrance	(Mt Mortar East)	->	Mt Mortar Middle East Exit	(Mt Mortar Middle)
Mt Mortar Surf Room Ladder 	(Mt Mortar Middle Entrance Hall)	->	Mortar Surf Exit	(Mortar Surf South)
Mt Mortar Ether Room 	(Mt Mortar Ether Room)	->	Mt Mortar Middle Left Ladder 	(Mt Mortar Middle)
Mt Mortar Revive Room 	(Mt Mortar Revive Room)	->	Mt Mortar Middle Right Ladder 	(Mt Mortar Middle)
Mt Mortar Middle West Exit	(Mt Mortar Middle)	->	Mt Mortar West Cave Entrance	(Mt Mortar West)
Mt Mortar Middle East Exit	(Mt Mortar Middle)	->	Mt Mortar East Cave Entrance	(Mt Mortar East)
Mt Mortar Middle Left Ladder 	(Mt Mortar Middle)	->	Mt Mortar Ether Room 	(Mt Mortar Ether Room)
Mt Mortar Middle Right Ladder 	(Mt Mortar Middle)	->	Mt Mortar Revive Room 	(Mt Mortar Revive Room)
Mt Mortar Waterfall Ladder Down 	(Mt Mortar Middle Waterfall)	->	Tyrogue Room Exit	(Mortar Surf North)
Mt Mortar Waterfall Ladder Up 	(Mt Mortar Middle Waterfall)	->	Mortar Waterfall Ladder Down 	(Mortar Waterfall Room North)
Mortar Waterfall Exit 	(Mortar Waterfall Room South)	->	Mt Mortar Waterfall Cave Entrance	(Mt Mortar Middle Entrance Hall Waterfall)
Mortar Waterfall Ladder Down 	(Mortar Waterfall Room North)	->	Mt Mortar Waterfall Ladder Up 	(Mt Mortar Middle Waterfall)
Tyrogue Room Exit	(Mortar Surf North)	->	Mt Mortar Waterfall Ladder Down 	(Mt Mortar Middle Waterfall)
Mortar Surf Exit	(Mortar Surf South)	->	Mt Mortar Surf Room Ladder 	(Mt Mortar Middle Entrance Hall)
Ice Path Route 44 Exit	(Ice Path Route 44 Side)	->	Fuchsia To Route 15 Gate Entrance	(Fuchsia)
Ice Path Blackthorn City Exit	(Ice Path Blackthorn Side)	->	Mahogany North to Route 43 Gate Entrance	(Mahogany)
Ice Path Route 44 Side Ladder Down 	(Ice Path Route 44 Side)	->	Ice Path Boulders Up Ladder 	(Ice Path Boulders)
Ice Path Blackthorn Side Ladder Down 	(Ice Path Blackthorn Side)	->	Ice Path Slip Room Ladder Up 	(Ice Path Access)
Ice Path Boulders Up Ladder 	(Ice Path Boulders)	->	Ice Path Route 44 Side Ladder Down 	(Ice Path Route 44 Side)
Ice Path Boulders Down Ladder 	(Ice Path Boulders)	->	Ice Path Boulder Drop Room Escape 	(Ice Path Boulder Drop Room)
x 	()	->	X 	()
x 	()	->	X 	()
x 	()	->	X 	()
x 	()	->	X 	()
Ice Path Slip Room Ladder Up 	(Ice Path Access)	->	Ice Path Blackthorn Side Ladder Down 	(Ice Path Blackthorn Side)
Ice Path Slip Room Ladder Down 	(Ice Path Access)	->	Ice Path Island Room Ladder Up 	(Ice Path Island Room)
Ice Path Boulder Drop Room Escape 	(Ice Path Boulder Drop Room)	->	Ice Path Boulders Down Ladder 	(Ice Path Boulders)
Ice Path Boulder Drop Room Continue 	(Ice Path Boulder Drop Room With Strength)	->	Ice Path Rock Room West Ladder Up 	(Ice Path Rock Room)
X 	()	->	x 	()
X 	()	->	x 	()
X 	()	->	x 	()
X 	()	->	x 	()
Ice Path Island Room Ladder Up 	(Ice Path Island Room)	->	Ice Path Slip Room Ladder Down 	(Ice Path Access)
Ice Path Island Room Ladder Down 	(Ice Path Island Room)	->	Ice Path Rock Room East Ladder Up 	(Ice Path Rock Room)
Ice Path Rock Room West Ladder Up 	(Ice Path Rock Room)	->	Ice Path Boulder Drop Room Continue 	(Ice Path Boulder Drop Room With Strength)
Ice Path Rock Room East Ladder Up 	(Ice Path Rock Room)	->	Ice Path Island Room Ladder Down 	(Ice Path Island Room)
WHIRL_ISLAND_NW Exit	(Whirl Island NW Exit)	->	Route 10 Rock Tunnel Entrance	(West Kanto)
Whirl Island NW Ladder 	(Whirl Island NW Exit)	->	Whirl Island Main Ladder Up 	(Whirl Island Main)
Whirl Island NW Passage Left 	(Whirl Island NW Passage)	->	Whirl Island SW Passage Surf Left 	(Whirl Island SW Passage Surf Left)
Whirl Island NW Passage Right 	(Whirl Island NW Passage)	->	Whirl Island Cave South Exit	(Whirl Island Cave)
WHIRL_ISLAND_NE Exit	(Whirl Island NE)	->	Route 3 Mt Moon Entrance	(West Kanto)
Whirl Island NE Ledge 	(Whirl Island NE Ledge)	->	Whirl Island Lugia Passage Up 	(Whirl Island Lugia Passage)
Whirl Island NE Item 	(Whirl Island NE Item)	->	Whirl Island Item Ladder Up 	(Whirl Island Main)
WHIRL_ISLAND_SW Exit	(Whirl Island SW)	->	Saffron to Route 7 Gate Exit	(Saffron/Route 7 Gate)
Whirl Island SW Surf 	(Whirl Island SW Surf)	->	Whirl Island Boulder Left 	(Whirl Island Boulder)
Whirl Island SW Ladder 	(Whirl Island SW)	->	Whirl Island Ledge Left 	(Whirl Island Ledge)
Whirl Island SW Passage Surf Left 	(Whirl Island SW Passage Surf Left)	->	Whirl Island NW Passage Left 	(Whirl Island NW Passage)
Whirl Island SW Passage Surf Right 	(Whirl Island SW Passage Surf Right)	->	Whirl Island Waterfall Ladder 	(Whirl Island Waterfall Ladder)
Whirl Island Cave North Exit	(Whirl Island Cave)	->	Whirl Island Ledge Cave 	(Whirl Island Ledge Cave)
Whirl Island Cave South Exit	(Whirl Island Cave)	->	Whirl Island NW Passage Right 	(Whirl Island NW Passage)
Whirl Island SE Exit	(Whirl Island SE)	->	Mortar Entrance East Entrance	(Mahogany)
Whirl Island SE Ladder 	(Whirl Island SE)	->	Whirl Island Boulder Right 	(Whirl Island Boulder)
Whirl Island Main Ladder Up 	(Whirl Island Main)	->	Whirl Island NW Ladder 	(Whirl Island NW Exit)
Whirl Island Lugia Passage Up 	(Whirl Island Lugia Passage)	->	Whirl Island NE Ledge 	(Whirl Island NE Ledge)
Whirl Island Item Ladder Up 	(Whirl Island Main)	->	Whirl Island NE Item 	(Whirl Island NE Item)
Whirl Island Ledge Left 	(Whirl Island Ledge)	->	Whirl Island SW Ladder 	(Whirl Island SW)
Whirl Island Boulder Left 	(Whirl Island Boulder)	->	Whirl Island SW Surf 	(Whirl Island SW Surf)
Whirl Island Boulder Right 	(Whirl Island Boulder)	->	Whirl Island SE Ladder 	(Whirl Island SE)
Whirl Island Lugia Passage Down 	(Whirl Island Lugia Passage)	->	Whirl Island Waterfall Top 	(Whirl Island Waterfall Top)
Whirl Island Main Ladder Down 	(Whirl island Main)	->	Whirl Island Item Room 	(Whirl Island Item Room)
Whirl Island Ledge Cave 	(Whirl Island Ledge Cave)	->	Whirl Island Cave North Exit	(Whirl Island Cave)
Whirl Island Waterfall Top 	(Whirl Island Waterfall Top)	->	Whirl Island Lugia Passage Down 	(Whirl Island Lugia Passage)
Whirl Island Item Room 	(Whirl Island Item Room)	->	Whirl Island Main Ladder Down 	(Whirl island Main)
Whirl Island Lugia Entrance	(Whirl Island Waterfall Bottom)	->	Lugia Chamber Exit	(Lugia Chamber)
Whirl Island Waterfall Ladder 	(Whirl Island Waterfall Ladder)	->	Whirl Island SW Passage Surf Right 	(Whirl Island SW Passage Surf Right)
Lugia Chamber Exit	(Lugia Chamber)	->	Whirl Island Lugia Entrance	(Whirl Island Waterfall Bottom)
SILVER_CAVE_ROOM_1 Exit	(Silver Cave Room 1)	->	Route 35 to National Park Gate Entrance	(Route 35 Route)
SILVER_CAVE_ROOM_2 Entrance	(Silver Cave Room 1)	->	Silver Cave Room 2 Exit	(Silver Cave Room 2)
Silver Cave Room 2 Exit	(Silver Cave Room 2)	->	SILVER_CAVE_ROOM_2 Entrance	(Silver Cave Room 1)
Silver Cave Room 3 Entrance	(Silver Cave Room 2)	->	Reds Room Exit	(Reds Room)
Silver Cave Left Waterfall 	(Silver Cave Left Waterfall)	->	Silver Cave Item Room North Exit	(Silver Cave Item Room 1)
Silver Cave Right Waterfall 	(Silver Cave Right Waterfall)	->	Silver Cave Item Room South Exit	(Silver Cave Item Room 2)
Reds Room Exit	(Reds Room)	->	Silver Cave Room 3 Entrance	(Silver Cave Room 2)
Silver Cave Item Room North Exit	(Silver Cave Item Room 1)	->	Silver Cave Left Waterfall 	(Silver Cave Left Waterfall)
Silver Cave Item Room South Exit	(Silver Cave Item Room 2)	->	Silver Cave Right Waterfall 	(Silver Cave Right Waterfall)
Dark Cave Violet Exit	(Dark Cave Violet)	->	Tojho Falls East Exit	(Tojho Falls East)
Dark Cave Blackthorn Passage 	(Dark Cave Violet to Blackthorn)	->	Dark Cave North to South 	(Dark Cave North Block)
Dark Cave Route 46 Exit	(Dark Cave Route 46)	->	Azalea Exit to Ilex Gate Entrance	(Azalea)
Dark Cave North Exit	(Dark Cave North)	->	ROUTE_6_UNDERGROUND_PATH_ENTRANCE Entrance	(Vermilion Power)
Dark Cave North to South 	(Dark Cave North Block)	->	Dark Cave Blackthorn Passage 	(Dark Cave Violet to Blackthorn)
DRAGONS_DEN_1F Exit	(Dragons Den Hall 1)	->	Route 6 Underground 	(Route 6 Underground Gate)
Dragons Den Hall 1 Ladder Down 	(Dragons Den Hall 1)	->	Dragons Den Hall 2 Ladder Up 	(Dragons Den Hall 2)
Dragons Den Main Entrance	(Dragons Den Hall 2)	->	Dragons Den Main Exit	(Dragons Den)
Dragons Den Hall 2 Ladder Up 	(Dragons Den Hall 2)	->	Dragons Den Hall 1 Ladder Down 	(Dragons Den Hall 1)
Dragons Den Main Exit	(Dragons Den)	->	Dragons Den Main Entrance	(Dragons Den Hall 2)
DRAGON_SHRINE Entrance	(Dragons Den Shrine)	->	DRAGON_SHRINE Exit	(Dragon Shrine)
DRAGON_SHRINE Exit	(Dragon Shrine)	->	DRAGON_SHRINE Entrance	(Dragons Den Shrine)
Tojho West Exit	(Tojho Falls West)	->	OLIVINE_PORT Entrance	(Olivine Port Corridor)
Tojho Falls East Exit	(Tojho Falls East)	->	Tojho Falls West Entrance	(Tojho West)
OLIVINE_POKECENTER_1F Exit	(Olivine Center)	->	OLIVINE_POKECENTER_1F Entrance	(Olivine)
OLIVINE_GYM Exit	(Olivine Gym)	->	OLIVINE_GYM Entrance	(Olivine)
Olivine Trade House Exit	(Olivine Trade House)	->	OLIVINE_TIMS_HOUSE Entrance	(Olivine)
X 	()	->	OLIVINE_HOUSE_BETA Entrance	(Olivine)
OLIVINE_PUNISHMENT_SPEECH_HOUSE Exit	(Olivine Punishment House)	->	OLIVINE_PUNISHMENT_SPEECH_HOUSE Entrance	(Olivine)
OLIVINE_GOOD_ROD_HOUSE Exit	(Olivine Good Rod House)	->	OLIVINE_GOOD_ROD_HOUSE Entrance	(Olivine)
OLIVINE_CAFE Exit	(Olivine Cafe)	->	OLIVINE_CAFE Entrance	(Olivine)
OLIVINE_MART Exit	(Olivine Mart)	->	OLIVINE_MART Entrance	(Olivine)
Route 38 Exit from Ecruteak 	(Ecruteak/Route 38 Gate)	->	Route 38 to Ecruteak Gate Entrance	(Olivine)
Ecruteak Exit from Route 38 	(Ecruteak/Route 38 Gate)	->	Route 6 to Saffron Gate Exit	(Saffron/Route 6 Gate)
Miltank Barn Exit	(Miltank Barn)	->	ROUTE_39_BARN Entrance	(Olivine)
Farmhouse Exit	(Farmhouse)	->	ROUTE_39_FARMHOUSE Entrance	(Olivine)
MAHOGANY_RED_GYARADOS_SPEECH_HOUSE Exit	(Mahogoney Gyarados House)	->	MAHOGANY_RED_GYARADOS_SPEECH_HOUSE Entrance	(Mahogany)
MAHOGANY_GYM Exit	(Mahogany Gym)	->	MAHOGANY_GYM Entrance	(Mahogany Rockets Cleared)
MAHOGANY_POKECENTER_1F Exit	(Mahogany Center)	->	MAHOGANY_POKECENTER_1F Entrance	(Mahogany)
Ecruteak Exit from Route 42 	(Ecruteak/Route 42 Gate)	->	Route 29 to Route 46 Gate Entrance	(Cherrygrove)
Route 42 Exit from Ecruteak 	(Ecruteak/Route 42 Gate)	->	Route 42 to Ecruteak Gate Entrance	(Route 42 West)
Digletts Cave Vermilion Exit	(Digletts Cave Vermilion Side)	->	Mortar Entrance Center Entrance	(Route 42 Center)
Digletts Cave Vermilion Side 	(Digletts Cave Vermilion Side)	->	Digletts Cave Ladder Vermilion 	(Digletts Cave Main)
Digletts Cave Route 2 Exit	(Digletts Cave Route 2 Side)	->	Ice Path Route 44 Exit	(Ice Path Route 44 Side)
Digletts Cave Route 2 Side 	(Digletts Cave Route 2 Side)	->	Digletts Cave Ladder Route 2 	(Digletts Cave Main)
Digletts Cave Ladder Vermilion 	(Digletts Cave Main)	->	Digletts Cave Vermilion Side 	(Digletts Cave Vermilion Side)
Digletts Cave Ladder Route 2 	(Digletts Cave Main)	->	Digletts Cave Route 2 Side 	(Digletts Cave Route 2 Side)
Mt Moon Route 3 Exit	(Mount Moon Main)	->	Dark Cave Route 46 Exit	(Dark Cave Route 46)
Mt Moon Route 4 Exit	(Mount Moon Main)	->	Ecruteak Exit from Route 42 	(Ecruteak/Route 42 Gate)
Mt Moon Main Shop Path 	(Mount Moon Main)	->	Mount Moon Shop Passage Out 	(Mount Moon Shop Passage Out)
Mount Moon Main Ledge 	(Mount Moon Main Ledge)	->	Mount Moon Shop Passage In 	(Mount Moon Shop Passage In)
Mount Moon Shop Passage Out Exit	(Mount Moon Shop Passage Out)	->	Mount Moon Square North Entrance	(Mt. Moon Square)
Mount Moon Shop Passage In Exit	(Mount Moon Shop Passage In)	->	Mount Moon Sqaure South Entrance	(Mt. Moon Square)
Mount Moon Shop Passage Out 	(Mount Moon Shop Passage Out)	->	Mt Moon Main Shop Path 	(Mount Moon Main)
Mount Moon Shop Passage In 	(Mount Moon Shop Passage In)	->	Mount Moon Main Ledge 	(Mount Moon Main Ledge)
Underground Exit Route 5 	(NS Underground)	->	Route 5 Underground Stairs 	(Route 5 Underground)
Underground Exit Route 6 	(NS Underground)	->	Route 6 Underground Stairs 	(Route 6 Underground Gate)
Rock Tunnel North Exit	(Rock Tunnel North Exit)	->	Mt Moon Route 4 Exit	(Mount Moon Main)
Rock Tunnel South Exit	(Rock Tunnel South Exit)	->	WHIRL_ISLAND_NE Entrance	(Whirl NE)
Rock Tunnel Passage TS 	(Rock Tunnel 1F Passage)	->	Rock Tunnel BF1 North Passage North 	(Rock Tunnel BF1 North)
Rock Tunnel Passage TN 	(Rock Tunnel 1F Passage)	->	Rock Tunnel BF1 South Passage East 	(Rock Tunnel BF1 South)
Rock Tunnel North Ladder 	(Rock Tunnel North Exit)	->	Rock Tunnel BF1 North Passage South 	(Rock Tunnel BF1 North)
Rock Tunnel South Ladder 	(Rock Tunnel South Exit)	->	Rock Tunnel BF1 South Passage North 	(Rock Tunnel BF1 South)
Rock Tunnel BF1 South Passage North 	(Rock Tunnel BF1 South)	->	Rock Tunnel South Ladder 	(Rock Tunnel South Exit)
Rock Tunnel BF1 South Passage East 	(Rock Tunnel BF1 South)	->	Rock Tunnel Passage TN 	(Rock Tunnel 1F Passage)
Rock Tunnel BF1 North Passage North 	(Rock Tunnel BF1 North)	->	Rock Tunnel Passage TS 	(Rock Tunnel 1F Passage)
Rock Tunnel BF1 North Passage South 	(Rock Tunnel BF1 North)	->	Rock Tunnel North Ladder 	(Rock Tunnel North Exit)
X 	()	->	X 	()
X 	()	->	X 	(X)
X 	()	->	X 	()
Victory Road Gate Exit	(Victory Road Hall 1)	->	Victory Road Entrance 	(Victory Road Gate)
Victory Road 1F Up 	(Victory Road Hall 1)	->	Victory Road 2F Down 	(Victory Road Hall 2)
Victory Road 2F Down 	(Victory Road Hall 2)	->	Victory Road 1F Up 	(Victory Road Hall 1)
Victory Road 2F Up 	(Victory Road Hall 2)	->	Victory Road 3F Down 	(Victory Road Hall 3)
Victory Road 3F Down 	(Victory Road Hall 3)	->	Victory Road 2F Up 	(Victory Road Hall 2)
Victory Road 2F Ledge Up 	(Victory Road Hall 2 Ledge)	->	Victory Road 3F Ledge Down 	(Victory Road Hall 3 Ledge)
Victory Road 3F Ledge Down 	(Victory Road Hall 3 Ledge)	->	Victory Road 2F Ledge Up 	(Victory Road Hall 2 Ledge)
X 	()	->	X 	()
X 	()	->	X 	()
VICTORY_ROAD Exit	(Victory Road Hall 3)	->	VICTORY_ROAD Entrance	(Route 23)
Tin Tower Access Exit	(Tin Tower Access Entrance)	->	ECRUTEAK_TIN_TOWER_ENTRANCE Entrance	(Ecruteak)
Tin Tower Access Corridor Entrance	(Tin Tower Access North)	->	Tin Tower Access Corridor Exit	(Tin Tower Access Corridor)
Tin Tower Access Corridor Exit	(Tin Tower Access Corridor)	->	Tin Tower Access Corridor Entrance	(Tin Tower Access North)
Wise Trio Room From Access Entrance	(Tin Tower Access Corridor)	->	Wise Trio West Exit	(Wise Trio West)
Wise Trio East Exit	(Wise Trio East)	->	WISE_TRIOS_ROOM Entrance	(Ecruteak)
Wise Trio West Exit	(Wise Trio West)	->	Wise Trio Room From Access Entrance	(Tin Tower Access Corridor)
ECRUTEAK_POKECENTER_1F Exit	(Ecruteak Center)	->	ECRUTEAK_POKECENTER_1F Entrance	(Ecruteak)
ECRUTEAK_LUGIA_SPEECH_HOUSE Exit	(Ecruteak Lugia House)	->	ECRUTEAK_LUGIA_SPEECH_HOUSE Entrance	(Ecruteak)
DANCE_THEATRE Exit	(Dance Theater)	->	DANCE_THEATRE Entrance	(Ecruteak)
ECRUTEAK_MART Exit	(Ecruteak Mart)	->	ECRUTEAK_MART Entrance	(Ecruteak)
ECRUTEAK_GYM Exit	(Ecruteak Gym)	->	ECRUTEAK_GYM Entrance	(Ecruteak)
X 	()	->	X 	()
X 	()	->	X 	()
null	(null)	->	X 	()
null	(null)	->	X 	()
null	(null)	->	X 	()
null	(null)	->	X 	()
null	(null)	->	X 	()
null	(null)	->	X 	()
null	(null)	->	X 	()
null	(null)	->	X 	()
null	(null)	->	X 	()
null	(null)	->	X 	()
null	(null)	->	X 	()
null	(null)	->	X 	()
null	(null)	->	X 	()
null	(null)	->	X 	()
null	(null)	->	X 	()
ECRUTEAK_ITEMFINDER_HOUSE Exit	(Ecruteak Itemfinder House)	->	ECRUTEAK_ITEMFINDER_HOUSE Entrance	(Ecruteak)
BLACKTHORN_GYM_1F Exit	(Blackthorn Gym 1F Main)	->	BLACKTHORN_GYM_1F Entrance	(Blackthorn Rockets Cleared)
Blackthorn Gym First Stairs Up 	(Blackthorn Gym 1F Main)	->	Blackthorn Gym First Stairs Down 	(Blackthorn Gym Boulders Room)
Blackthorn Gym Second Stairs Up 	(Blackthorn Gym Middle)	->	Blackthorn Gym Second Stairs Down 	(Blackthorn Gym Boulders Room)
X 	()	->	X 	(Blackthorn Gym Holes)
X 	()	->	X 	(Blackthorn Gym Holes)
null	(null)	->	null	(null)
Blackthorn Gym First Stairs Down 	(Blackthorn Gym Boulders Room)	->	Blackthorn Gym First Stairs Up 	(Blackthorn Gym 1F Main)
Blackthorn Gym Second Stairs Down 	(Blackthorn Gym Boulders Room)	->	Blackthorn Gym Second Stairs Up 	(Blackthorn Gym Middle)
X 	(Blackthorn Gym Holes)	->	X 	()
X 	(Blackthorn Gym Holes)	->	X 	()
null	(null)	->	null	(null)
BLACKTHORN_DRAGON_SPEECH_HOUSE Exit	(Blackthorn Dragon Speech House)	->	BLACKTHORN_DRAGON_SPEECH_HOUSE Entrance	(Blackthorn)
Blackthorn Trade House Exit	(Blackthorn Trade House)	->	BLACKTHORN_EMYS_HOUSE Entrance	(Blackthorn)
BLACKTHORN_MART Exit	(Blackthorn Mart)	->	BLACKTHORN_MART Entrance	(Blackthorn)
BLACKTHORN_POKECENTER_1F Exit	(Blackthorn Poke Center)	->	BLACKTHORN_POKECENTER_1F Entrance	(Blackthorn)
MOVE_DELETERS_HOUSE Exit	(Move Deleters)	->	MOVE_DELETERS_HOUSE Entrance	(Blackthorn)
CINNABAR_POKECENTER_1F Exit	(Cinnabar Pokecenter)	->	CINNABAR_POKECENTER_1F Entrance	(Cinnabar)
X 	()	->	null	(null)
Fuschia Exit from Route 19 	(Fucshia/Route 19 Gate)	->	Violet Exit To Route 31 Gate Entrance	(Violet)
Route 19 Exit from Fuschia  	(Fucshia/Route 19 Gate)	->	ROUTE_19_FUCHSIA_GATE Entrance	(Route 19 Boulders)
SEAFOAM_GYM Exit	(Seafoam Gym)	->	SEAFOAM_GYM Entrance	(Seafoam Gym Entrance)
CERULEAN_GYM_BADGE_SPEECH_HOUSE Exit	(Cerulean Gym Badge House)	->	CERULEAN_GYM_BADGE_SPEECH_HOUSE Entrance	(Cerulean)
CERULEAN_POLICE_STATION Exit	(Cerulean Dig House)	->	CERULEAN_POLICE_STATION Entrance	(Cerulean)
CERULEAN_TRADE_SPEECH_HOUSE Exit	(Cerulean Trade Speech House)	->	CERULEAN_TRADE_SPEECH_HOUSE Entrance	(Cerulean)
CERULEAN_POKECENTER_1F Exit	(Cerulean Pokecenter)	->	CERULEAN_POKECENTER_1F Entrance	(Cerulean)
null	(null)	->	CERULEAN_POKECENTER_1F Exit	(Cerulean Pokecenter)
CERULEAN_GYM Exit	(Cerulean Gym)	->	CERULEAN_GYM Entrance	(Cerulean)
CERULEAN_MART Exit	(Cerulean Mart)	->	CERULEAN_MART Entrance	(Cerulean)
ROUTE_10_POKECENTER_1F Exit	(Route 10 Pokecenter)	->	ROUTE_10_POKECENTER_1F Entrance	(Route 9 Route)
X 	()	->	null	(null)
POWER_PLANT Exit	(Power Plant Building)	->	POWER_PLANT Entrance	(Power Entrance)
BILLS_HOUSE Exit	(Bills Grandfather House)	->	BILLS_HOUSE Entrance	(Cerulean)
AZALEA_POKECENTER_1F Exit	(Azalea Center)	->	AZALEA_POKECENTER_1F Entrance	(Azalea)
CHARCOAL_KILN Exit	(Charcoal Kiln)	->	CHARCOAL_KILN Entrance	(Azalea)
AZALEA_MART Exit	(Azalea Mart)	->	AZALEA_MART Entrance	(Azalea)
KURTS_HOUSE Exit	(Kurts House)	->	KURTS_HOUSE Entrance	(Azalea)
AZALEA_GYM Exit	(Azalea Gym)	->	AZALEA_GYM Entrance	(Azalea Saved Slowpokes)
LAKE_OF_RAGE_HIDDEN_POWER_HOUSE Exit	(Lake Of Rage Hidden Power House)	->	LAKE_OF_RAGE_HIDDEN_POWER_HOUSE Entrance	(Lake Of Rage Cut)
LAKE_OF_RAGE_MAGIKARP_HOUSE Exit	(Lake Of Rage Magikarp House)	->	LAKE_OF_RAGE_MAGIKARP_HOUSE Entrance	(Lake Of Rage)
Route 43 Exit from Mahogoney 	(Mahogany/Route 43 Gate)	->	Route 43 to Mahogany Gate Entrance	(Lake Of Rage)
Mahogany Exit from Route 43 	(Mahogany/Route 43 Gate)	->	Mt Mortar East Exit	(Mt Mortar East)
Route 43 Gate North Exit	(Route 43 Gate)	->	Route 43 Gate South Entrance	(Lake Of Rage)
Route 43 Gate South Exit	(Route 43 Gate)	->	Route 43 Gate North Entrance	(Lake Of Rage)
VIOLET_MART Exit	(Violet Mart)	->	VIOLET_MART Entrance	(Violet)
VIOLET_GYM Exit	(Violet Gym)	->	VIOLET_GYM Entrance	(Violet)
Violet School Exit	(Violet School)	->	Violet School Entrance	(Violet)
VIOLET_NICKNAME_SPEECH_HOUSE Exit	(Violet Nickname House)	->	VIOLET_NICKNAME_SPEECH_HOUSE Entrance	(Violet)
VIOLET_POKECENTER_1F Exit	(Violet Center)	->	VIOLET_POKECENTER_1F Entrance	(Violet)
Violet Trade House Exit	(Violet Trade House)	->	Violet Trade House Entrance	(Violet)
Ruins to Route 32 Gate Exit	(Ruins/Route 32 Gate)	->	Ruins to Route 32 Gate Entrance	(Ruins of Alph Main)
Route 32 to Ruins Gate Exit	(Ruins/Route 32 Gate)	->	SLOWPOKE_WELL_B1F Entrance	(Azalea Met Kurt)
ROUTE_32_POKECENTER_1F Exit	(Route 32 Center)	->	ROUTE_32_POKECENTER_1F Entrance	(Route 32)
Goldenrod To Route 35 Gate Exit	(Goldenrod/Route 35 Gate)	->	Route 35 to Goldenrod Gate Entrance	(Route 35 Route)
Route 35 to Goldenrod Gate Exit	(Goldenrod/Route 35 Gate)	->	Victory Road Gate to Route 22 	(Victory Road Gate Snorlax)
Route 35 to National Park Gate Exit	(National Park/Route 35 Gate)	->	National Park East Exit	(National Park)
National Park to Route 35 Gate Exit	(National Park/Route 35 Gate)	->	Route 5 to Saffron Gate Exit	(Saffron/Route 5 Gate)
Ruins to Route 36 Gate Exit	(Ruins/Route 36 Gate)	->	Route 35 to Goldenrod Gate Exit	(Goldenrod/Route 35 Gate)
Route 36 to Ruins Gate Exit	(Ruins/Route 36 Gate)	->	Ruins to Route 36 Gate Entrance	(Ruins of Alph Main)
Route 36 to National Park Gate Exit	(National Park/Route 36 Gate)	->	National Park South Exit	(National Park)
National Park to Route 36 Gate Exit	(National Park/Route 36 Gate)	->	Whirl Island SE Exit	(Whirl Island SE)
GOLDENROD_GYM Exit	(Goldenrod Gym)	->	GOLDENROD_GYM Entrance	(Goldenrod)
GOLDENROD_BIKE_SHOP Exit	(Goldenrod Bike Shop)	->	GOLDENROD_BIKE_SHOP Entrance	(Goldenrod)
Goldenrod Happiness House Exit	(Goldenrod Happiness House)	->	GOLDENROD_HAPPINESS_RATER Entrance	(Goldenrod)
Bills House Exit	(Bills House)	->	BILLS_FAMILYS_HOUSE Entrance	(Goldenrod Rocket Corner Block)
GOLDENROD_MAGNET_TRAIN_STATION Exit	(Goldenrod Station)	->	Saffron to Route 7 Gate Entrance	(Saffron)
X 	()	->	X 	()
X 	()	->	X 	()
GOLDENROD_FLOWER_SHOP Exit	(Flower Shop)	->	GOLDENROD_FLOWER_SHOP Entrance	(Goldenrod)
GOLDENROD_PP_SPEECH_HOUSE Exit	(Goldenrod PP House)	->	GOLDENROD_PP_SPEECH_HOUSE Entrance	(Goldenrod Rocket Block North)
GOLDENROD_NAME_RATER Exit	(Goldenrod Name Rater)	->	GOLDENROD_NAME_RATER Entrance	(Goldenrod)
Goldenrod Dept. Store Exit	(Goldenrod Dept. Store)	->	GOLDENROD_DEPT_STORE_1F Entrance	(Goldenrod)
Goldenrod Dept. Store 1F Up 	(Goldenrod Dept. Store)	->	Goldenrod Dept. Store 2F Down 	(Goldenrod Dept. Store)
Goldenrod Dept. Store 2F Up 	(Goldenrod Dept. Store)	->	Goldenrod Dept. Store 3F Down 	(Goldenrod Dept. Store)
Goldenrod Dept. Store 2F Down 	(Goldenrod Dept. Store)	->	Goldenrod Dept. Store 1F Up 	(Goldenrod Dept. Store)
Goldenrod Dept. Store 3F Down 	(Goldenrod Dept. Store)	->	Goldenrod Dept. Store 2F Up 	(Goldenrod Dept. Store)
Goldenrod Dept. Store 3F Up 	(Goldenrod Dept. Store)	->	Goldenrod Dept. Store 4F Down 	(Goldenrod Dept. Store)
Goldenrod Dept. Store 4F Up 	(Goldenrod Dept. Store)	->	Goldenrod Dept. Store 5F Down 	(Goldenrod Dept. Store)
Goldenrod Dept. Store 4F Down 	(Goldenrod Dept. Store)	->	Goldenrod Dept. Store 3F Up 	(Goldenrod Dept. Store)
Goldenrod Dept. Store 5F Down 	(Goldenrod Dept. Store)	->	Goldenrod Dept. Store 4F Up 	(Goldenrod Dept. Store)
Goldenrod Dept. Store 5F Up 	(Goldenrod Dept. Store)	->	Goldenrod Dept. Store 6F Up 	(Goldenrod Dept. Store)
Goldenrod Dept. Store 6F Up 	(Goldenrod Dept. Store)	->	Goldenrod Dept. Store 5F Up 	(Goldenrod Dept. Store)
Goldenrod Dept. Store 6F Down 	(Goldenrod Dept. Store)	->	GOLDENROD_DEPT_STORE_ROOF Exit	(Goldenrod Dept. Store Roof)
GOLDENROD_DEPT_STORE_ROOF Exit	(Goldenrod Dept. Store Roof)	->	Goldenrod Dept. Store 6F Down 	(Goldenrod Dept. Store)
GOLDENROD_GAME_CORNER Exit	(Goldenrod Game Corner)	->	GOLDENROD_GAME_CORNER Entrance	(Goldenrod Rocket Corner Block)
GOLDENROD_POKECENTER_1F Exit	(Goldenrod Center)	->	GOLDENROD_POKECENTER_1F Entrance	(Goldenrod)
X 	()	->	X 	()
X 	()	->	X 	()
Azalea to Ilex Gate Exit	(Azalea/Ilex Gate)	->	Ilex to Azalea Gate Entrance	(Ilex South)
Ilex to Azalea Gate Exit	(Azalea/Ilex Gate)	->	VERMILION_PORT Entrance	(Vermilion Port Passage Corridor)
Ilex to Route 34 Gate Exit	(Ilex/Route 34 Gate)	->	Mahogany Exit from Route 43 	(Mahogany/Route 43 Gate)
Route 34 to Ilex Gate Exit	(Ilex/Route 34 Gate)	->	Ilex to Route 34 Gate Entrance	(Ilex North)
Daycare to Route Exit	(Daycare)	->	Route 34 Daycare Entrance	(Goldenrod)
Daycare to Pokemon 	(Daycare)	->	Day Care Pokemon Entrance	(Day Care Outside)
VERMILION_FISHING_SPEECH_HOUSE Exit	(Vermilion Fishing House)	->	VERMILION_FISHING_SPEECH_HOUSE Entrance	(Vermilion)
VERMILION_POKECENTER_1F Exit	(Vermilion Center)	->	VERMILION_POKECENTER_1F Entrance	(Vermilion)
X 	()	->	null	(null)
POKEMON_FAN_CLUB Exit	(Fan Club)	->	POKEMON_FAN_CLUB Entrance	(Vermilion)
VERMILION_MAGNET_TRAIN_SPEECH_HOUSE Exit	(Vermilion Train House)	->	VERMILION_MAGNET_TRAIN_SPEECH_HOUSE Entrance	(Vermilion)
VERMILION_MART Exit	(Vermilion Mart)	->	VERMILION_MART Entrance	(Vermilion)
VERMILION_DIGLETTS_CAVE_SPEECH_HOUSE Exit	(Vermilion Diglett House)	->	VERMILION_DIGLETTS_CAVE_SPEECH_HOUSE Entrance	(Vermilion)
VERMILION_GYM Exit	(Vermilion Gym)	->	VERMILION_GYM Entrance	(Vermillion Gym Access)
Route 6 to Saffron Gate Exit	(Saffron/Route 6 Gate)	->	Dark Cave North Exit	(Dark Cave North)
Saffron to Route 6 Gate Exit	(Saffron/Route 6 Gate)	->	Route 6 to Saffron Gate Entrance	(Vermilion)
Route 6 Underground 	(Route 6 Underground Gate)	->	ROUTE_5_UNDERGROUND_PATH_ENTRANCE Entrance	(Cerulean Power)
Route 6 Underground Stairs 	(Route 6 Underground Gate)	->	Underground Exit Route 6 	(NS Underground)
REDS_HOUSE_1F Exit	(Reds House)	->	REDS_HOUSE_1F Entrance	(West Kanto)
Reds Room Entrance	(Reds House)	->	Reds House Down 	(Reds House 2F)
Reds House Down 	(Reds House 2F)	->	Reds Room Entrance	(Reds House)
BLUES_HOUSE Exit	(Blues House)	->	BLUES_HOUSE Entrance	(West Kanto)
OAKS_LAB Exit	(Oaks Lab)	->	OAKS_LAB Entrance	(West Kanto)
PEWTER_NIDORAN_SPEECH_HOUSE Exit	(Pewter Nidoran House)	->	PEWTER_NIDORAN_SPEECH_HOUSE Entrance	(West Kanto)
PEWTER_GYM Exit	(Pewter Gym)	->	PEWTER_GYM Entrance	(West Kanto)
PEWTER_MART Exit	(Pewter Mart)	->	PEWTER_MART Entrance	(West Kanto)
PEWTER_POKECENTER_1F Exit	(Pewter Center)	->	PEWTER_POKECENTER_1F Entrance	(West Kanto)
X 	()	->	null	(null)
PEWTER_SNOOZE_SPEECH_HOUSE Exit	(Pewter Snooze House)	->	PEWTER_SNOOZE_SPEECH_HOUSE Entrance	(West Kanto)
Olivine Port Exit	(Olivine Port)	->	Fuchsia To Route 19 Gate Entrance	(Fuchsia)
VERMILION_PORT Exit	(Vermilion Port)	->	Route 36 to Ruins Gate Entrance	(Violet)
Top Far Right Ship Room Entrance	(Fast Ship)	->	Top Far Right Ship Room Exit	(Top Far Right Ship Room)
Top Right Ship Room Entrance	(Fast Ship)	->	Top Right Ship Room Exit	(Top Right Ship Room)
Top Left Ship Room Entrance	(Fast Ship)	->	Top Left Ship Room Exit	(Top Left Ship Room)
Top Far Left Ship Room Entrance	(Fast Ship)	->	Top Far Left Ship Room Exit	(Top Far Left Ship Room)
Bottom Far Left Ship Room Entrance	(Fast Ship)	->	Bottom Far Left Ship Room Exit	(Bottom Far Left Ship Room)
Bottom Left Ship Room Entrance	(Fast Ship)	->	Bottom Left Ship Room Exit	(Bottom Left Ship Room)
Bottom Right Ship Room Entrance	(Fast Ship)	->	Bottom Right Ship Room Exit	(Bottom Right Ship Room)
Bottom Far Right Ship Room Entrance	(Fast Ship)	->	Bottom Far Right Ship Room Exit	(Bottom Far Right Ship Room)
Captains Room Entrance	(Captains Passage)	->	Captains Room Exit	(Captains Room)
Captains Passage 	(Captains Passage)	->	Fast Ship Ladder West 	(Fast Ship B1F West)
Fast Ship 1F Down 	(Fast Ship)	->	Fast Ship Ladder East 	(Fast Ship B1F East)
Top Far Right Ship Room Exit	(Top Far Right Ship Room)	->	Top Far Right Ship Room Entrance	(Fast Ship)
Top Right Ship Room Exit	(Top Right Ship Room)	->	Top Right Ship Room Entrance	(Fast Ship)
Top Left Ship Room Exit	(Top Left Ship Room)	->	Top Left Ship Room Entrance	(Fast Ship)
Top Far Left Ship Room Exit	(Top Far Left Ship Room)	->	Top Far Left Ship Room Entrance	(Fast Ship)
Bottom Far Left Ship Room Exit	(Bottom Far Left Ship Room)	->	Bottom Far Left Ship Room Entrance	(Fast Ship)
Bottom Left Ship Room Exit	(Bottom Left Ship Room)	->	Bottom Left Ship Room Entrance	(Fast Ship)
Bottom Right Ship Room Exit	(Bottom Right Ship Room)	->	Bottom Right Ship Room Entrance	(Fast Ship)
Bottom Far Right Ship Room Exit	(Bottom Far Right Ship Room)	->	Bottom Far Right Ship Room Entrance	(Fast Ship)
Captains Room Exit	(Captains Room)	->	Captains Room Entrance	(Captains Passage)
Fast Ship Ladder West 	(Fast Ship B1F West)	->	Captains Passage 	(Captains Passage)
Fast Ship Ladder East 	(Fast Ship B1F East)	->	Fast Ship 1F Down 	(Fast Ship)
OLIVINE_PORT_PASSAGE Exit	(Olivine Port House)	->	OLIVINE_PORT_PASSAGE Entrance	(Olivine)
Olivine Port House to Corridor 	(Olivine Port House)	->	Olivine Port Passage Corridor 	(Olivine Port Corridor)
Olivine Port Passage Corridor 	(Olivine Port Corridor)	->	Olivine Port House to Corridor 	(Olivine Port House)
OLIVINE_PORT Entrance	(Olivine Port Corridor)	->	Route 26 North to Victory Road Gate Entrance	(Route 26)
VERMILION_PORT_PASSAGE Exit	(Vermilion Port House)	->	VERMILION_PORT_PASSAGE Entrance	(Vermilion)
Vermilion Port House to Corridor 	(Vermilion Port House)	->	Vermilion Port Passage Corridor 	(Vermilion Port Passage Corridor)
Vermilion Port Passage Corridor 	(Vermilion Port Passage Corridor)	->	Vermilion Port House to Corridor 	(Vermilion Port House)
VERMILION_PORT Entrance	(Vermilion Port Passage Corridor)	->	Route 31 to Violet Gate Exit	(Violet/Route 31 Gate)
Mount Moon Square North Entrance	(Mt. Moon Square)	->	Mount Moon Shop Passage Out Exit	(Mount Moon Shop Passage Out)
Mount Moon Sqaure South Entrance	(Mt. Moon Square)	->	Mount Moon Shop Passage In Exit	(Mount Moon Shop Passage In)
MOUNT_MOON_GIFT_SHOP Entrance	(Mt. Moon Square)	->	MOUNT_MOON_GIFT_SHOP Exit	(Mount Moon Gift Shop)
MOUNT_MOON_GIFT_SHOP Exit	(Mount Moon Gift Shop)	->	MOUNT_MOON_GIFT_SHOP Entrance	(Mt. Moon Square)
TIN_TOWER_ROOF Exit	(Tin Tower Roof)	->	Tin Tower Roof Entrance	(Tin Tower 9F Center)
INDIGO_PLATEAU_POKECENTER_1F Exit	(Indigo Plateau)	->	INDIGO_PLATEAU_POKECENTER_1F Entrance	(Route 23)
E4 Entrance	(Indigo Plateau)	->	WILLS_ROOM Exit	(Wills Room)
WILLS_ROOM Exit	(Wills Room)	->	E4 Entrance	(Indigo Plateau)
KOGAS_ROOM Entrance	(Wills Room)	->	KOGAS_ROOM Exit	(Kogas Room)
KOGAS_ROOM Exit	(Kogas Room)	->	KOGAS_ROOM Entrance	(Wills Room)
BRUNOS_ROOM Entrance	(Kogas Room)	->	BRUNOS_ROOM Exit	(Brunos Room)
BRUNOS_ROOM Exit	(Brunos Room)	->	BRUNOS_ROOM Entrance	(Kogas Room)
KARENS_ROOM Entrance	(Brunos Room)	->	KARENS_ROOM Exit	(Karens Room)
KARENS_ROOM Exit	(Karens Room)	->	KARENS_ROOM Entrance	(Brunos Room)
LANCES_ROOM Entrance	(Karens Room)	->	LANCES_ROOM Exit	(Lances Room)
LANCES_ROOM Exit	(Lances Room)	->	LANCES_ROOM Entrance	(Karens Room)
HALL_OF_FAME Entrance	(Lances Room)	->	HALL_OF_FAME Exit	(Hall Of Fame)
HALL_OF_FAME Exit	(Hall Of Fame)	->	HALL_OF_FAME Entrance	(Lances Room)
FUCHSIA_MART Exit	(Fuchsia Mart)	->	FUCHSIA_MART Entrance	(Fuchsia Back)
SAFARI_ZONE_MAIN_OFFICE Exit	(Safari Zone Office)	->	SAFARI_ZONE_MAIN_OFFICE Entrance	(Fuchsia)
FUCHSIA_GYM Exit	(Fuchsia Gym)	->	FUCHSIA_GYM Entrance	(Fuchsia)
BILLS_BROTHERS_HOUSE Exit	(Fuchsia Bills Brothers House)	->	BILLS_BROTHERS_HOUSE Entrance	(Fuchsia)
FUCHSIA_POKECENTER_1F Exit	(Fuchsia Center)	->	FUCHSIA_POKECENTER_1F Entrance	(Fuchsia)
X 	()	->	null	(null)
SAFARI_ZONE_WARDENS_HOME Exit	(Wardens House)	->	SAFARI_ZONE_WARDENS_HOME Entrance	(Fuchsia)
Route 15 to Fuschia Gate Exit	(Fuchsia/Route 15 Gate)	->	Route 18 to Route 17 Gate Entrance	(Fuchsia)
Fuschia to Route 15 Exit	(Fuchsia/Route 15 Gate)	->	Route 15 to Fuschia Gate Entrance	(East Kanto)
LAVENDER_POKECENTER_1F Exit	(Lavender Center)	->	LAVENDER_POKECENTER_1F Entrance	(East Kanto)
X 	()	->	null	(null)
MR_FUJIS_HOUSE Exit	(Fujis House)	->	MR_FUJIS_HOUSE Entrance	(East Kanto)
LAVENDER_SPEECH_HOUSE Exit	(Lavender Speech House)	->	LAVENDER_SPEECH_HOUSE Entrance	(East Kanto)
LAVENDER_NAME_RATER Exit	(Lavender Name Rater)	->	LAVENDER_NAME_RATER Entrance	(East Kanto)
LAVENDER_MART Exit	(Lavender Mart)	->	LAVENDER_MART Entrance	(East Kanto)
SOUL_HOUSE Exit	(Soul House)	->	SOUL_HOUSE Entrance	(East Kanto)
LAV_RADIO_TOWER_1F Exit	(Lavender Radio Tower)	->	LAV_RADIO_TOWER_1F Entrance	(East Kanto)
Route 8 to Saffron Gate 	(Saffron/Route 8 Gate)	->	Mortar Entrance West Entrance	(Route 42 West)
Saffron to Route 8 Gate 	(Saffron/Route 8 Gate)	->	Route 8 to Saffron Gate Entrance	(West Kanto)
ROUTE_12_SUPER_ROD_HOUSE Exit	(Super Rod House)	->	ROUTE_12_SUPER_ROD_HOUSE Entrance	(East Kanto)
SILVER_CAVE_POKECENTER_1F Exit	(Silver Center)	->	SILVER_CAVE_POKECENTER_1F Entrance	(Silver Outside)
ROUTE_28_STEEL_WING_HOUSE Exit	(Steel Wing House)	->	ROUTE_28_STEEL_WING_HOUSE Entrance	(28 Cut)
X 	()	->	X 	()
X 	()	->	X 	()
X 	()	->	X 	()
null	(null)	->	null	(null)
null	(null)	->	null	(null)
X 	()	->	X 	()
X 	()	->	X 	()
X 	()	->	X 	()
null	(null)	->	null	(null)
null	(null)	->	null	(null)
CELADON_DEPT_STORE_1F Exit	(Celadon Dept. Store)	->	CELADON_DEPT_STORE_1F Entrance	(Celadon)
Celadon Dept. Store 1F Up 	(Celadon Dept. Store)	->	Celadon Dept. Store 2F Down 	(Celadon Dept. Store)
Celadon Dept. Store 2F Up 	(Celadon Dept. Store)	->	Celadon Dept.Store 3F Down 	(Celadon Dept. Store)
Celadon Dept. Store 2F Down 	(Celadon Dept. Store)	->	Celadon Dept. Store 1F Up 	(Celadon Dept. Store)
Celadon Dept.Store 3F Down 	(Celadon Dept. Store)	->	Celadon Dept. Store 2F Up 	(Celadon Dept. Store)
Celadon Dept. Store 3F Up 	(Celadon Dept. Store)	->	Celadon Dept.Store 4F Down 	(Celadon Dept. Store)
Celadon Dept. Store 4F Up 	(Celadon Dept. Store)	->	Celadon Dept. Store 5F Down 	(Celadon Dept. Store)
Celadon Dept.Store 4F Down 	(Celadon Dept. Store)	->	Celadon Dept. Store 3F Up 	(Celadon Dept. Store)
Celadon Dept. Store 5F Down 	(Celadon Dept. Store)	->	Celadon Dept. Store 4F Up 	(Celadon Dept. Store)
Celadon Dept. Store 5F Up 	(Celadon Dept. Store)	->	CELADON_DEPT_STORE_6F Exit	(Celadon Dept. Store 6F)
CELADON_DEPT_STORE_6F Exit	(Celadon Dept. Store 6F)	->	Celadon Dept. Store 5F Up 	(Celadon Dept. Store)
Celadon Mansion Main Exit	(Celadon Mansion 1F)	->	Celadon Mansion Front  Entrance	(Celadon)
Celadon Mansion Back Exit	(Celadon Mansion 1F Back)	->	Celadon Mansion Back Entrance	(Celadon)
Celadon Mansion 1F Back Up 	(Celadon Mansion 1F Back)	->	Celadon Mansion 2F Back Down 	(Celadon Mansion 2F Back)
Celadon Mansion 1F Up 	(Celadon Mansion 1F)	->	Celadon Mansion 2F Down 	(Celadon Mansion 2F)
Celadon Mansion 2F Back Down 	(Celadon Mansion 2F Back)	->	Celadon Mansion 1F Back Up 	(Celadon Mansion 1F Back)
Celadon Mansion 2F Back Up 	(Celadon Mansion 2F Back)	->	Celadon Mansion 3F Back Down 	(Celadon Mansion Back 3F)
Celadon Mansion 2F Up 	(Celadon Mansion 2F)	->	Celadon Mansion 3F Down 	(Celadon Mansion 3F)
Celadon Mansion 2F Down 	(Celadon Mansion 2F)	->	Celadon Mansion 1F Up 	(Celadon Mansion 1F)
Celadon Mansion 3F Back Up 	(Celadon Mansion Back 3F)	->	Celadon Mansion Roof Back Down 	(Celadon Mansion Roof Back)
Celadon Mansion 3F Back Down 	(Celadon Mansion Back 3F)	->	Celadon Mansion 2F Back Up 	(Celadon Mansion 2F Back)
Celadon Mansion 3F Down 	(Celadon Mansion 3F)	->	Celadon Mansion 2F Up 	(Celadon Mansion 2F)
Celadon Mansion 3F Up 	(Celadon Mansion 3F)	->	Celadon Mansion Roof Down 	(Celadon Mansion Roof)
Celadon Mansion Roof Back Down 	(Celadon Mansion Roof Back)	->	Celadon Mansion 3F Back Up 	(Celadon Mansion Back 3F)
Celadon Mansion Roof Down 	(Celadon Mansion Roof)	->	Celadon Mansion 3F Up 	(Celadon Mansion 3F)
CELADON_MANSION_ROOF_HOUSE Entrance	(Celadon Mansion Roof Back)	->	CELADON_MANSION_ROOF_HOUSE Exit	(Celadon Curse House)
CELADON_MANSION_ROOF_HOUSE Exit	(Celadon Curse House)	->	CELADON_MANSION_ROOF_HOUSE Entrance	(Celadon Mansion Roof Back)
CELADON_POKECENTER_1F Exit	(Celadon Center)	->	CELADON_POKECENTER_1F Entrance	(Celadon)
X 	()	->	null	(null)
CELADON_GAME_CORNER Exit	(Celadon Game Corner)	->	CELADON_GAME_CORNER Entrance	(Celadon)
CELADON_GAME_CORNER_PRIZE_ROOM Exit	(Celadon Prize Corner)	->	CELADON_GAME_CORNER_PRIZE_ROOM Entrance	(Celadon)
CELADON_GYM Exit	(Celadon Gym)	->	CELADON_GYM Entrance	(Celadon Gym Outside)
CELADON_CAFE Exit	(Celadon Caf?)	->	CELADON_CAFE Entrance	(Celadon)
Route 16 Hidden House Exit	(Route 16 Hidden House)	->	ROUTE_16_FUCHSIA_SPEECH_HOUSE Entrance	(Celadon Cut North)
Celadon to Route 16 Gate Exit	(Celadon/Cycling Road Gate)	->	Celadon to Route 16 Gate Entrance	(Celadon)
Route 16 to Celadon Gate Exit	(Celadon/Cycling Road Gate)	->	Route 16 to Celadon Gate Entrance	(Cycling Road)
Route 7 to Saffron Gate Exit	(Saffron/Route 7 Gate)	->	Route 7 to Saffron Gate Entrance	(Celadon)
Saffron to Route 7 Gate Exit	(Saffron/Route 7 Gate)	->	Victory Road Gate to Route 26 	(Victory Road Gate 8 Badges)
Route 18 to Route 17 Gate Exit	(Fuschia/Cycling Road Gate)	->	Route 17 to Route 18 Gate Entrance	(Cycling Road)
Route 17 to Route 18 Gate Exit	(Fuschia/Cycling Road Gate)	->	DARK_CAVE_VIOLET_ENTRANCE Entrance	(Route 31)
Shuckle House Exit	(Shuckle House)	->	Shuckle House Entrance	(Cianwood)
CIANWOOD_GYM Exit	(Cianwood Gym)	->	CIANWOOD_GYM Entrance	(Cianwood)
CIANWOOD_POKECENTER_1F Exit	(Cianwood Center)	->	CIANWOOD_POKECENTER_1F Entrance	(Cianwood)
CIANWOOD_PHARMACY Exit	(Cianwood Pharmacy)	->	CIANWOOD_PHARMACY Entrance	(Cianwood)
Cianwood Photo House Exit	(Cianwood Photo House)	->	CIANWOOD_PHOTO_STUDIO Entrance	(Cianwood)
CIANWOOD_LUGIA_SPEECH_HOUSE Exit	(Cianwood Lugia House)	->	CIANWOOD_LUGIA_SPEECH_HOUSE Entrance	(Cianwood)
POKE_SEERS_HOUSE Exit	(Cianwood Seers House)	->	POKE_SEERS_HOUSE Entrance	(Cianwood)
X 	()	->	BATTLE_TOWER_1F Entrance	(Battle Tower Passage)
X 	()	->	X 	()
X 	()	->	null	(null)
X 	()	->	null	(null)
null	(null)	->	X 	()
X 	()	->	X 	()
null	(null)	->	X 	()
null	(null)	->	X 	()
null	(null)	->	X 	()
null	(null)	->	X 	()
Battle Tower to Route 40 Gate Exit	(Battle Tower/Route 40 Gate)	->	Fuschia Exit from Route 19 	(Fucshia/Route 19 Gate)
Route 40 to Battle Tower Gate Exit	(Battle Tower/Route 40 Gate)	->	Route 40 from Battle Tower Gate 	(Battle Tower Passage)
Route 40 from Battle Tower Gate 	(Battle Tower Passage)	->	Route 40 to Battle Tower Gate Exit	(Battle Tower/Route 40 Gate)
BATTLE_TOWER_1F Entrance	(Battle Tower Passage)	->	X 	()
VIRIDIAN_GYM Exit	(Viridian Gym)	->	VIRIDIAN_GYM Entrance	(West Kanto)
VIRIDIAN_NICKNAME_SPEECH_HOUSE Exit	(Viridian House)	->	VIRIDIAN_NICKNAME_SPEECH_HOUSE Entrance	(West Kanto)
TRAINER_HOUSE_1F Exit	(Trainer House 1F)	->	TRAINER_HOUSE_1F Entrance	(West Kanto)
Trainer House Ladder Down 	(Trainer House 1F)	->	Trainer House 2F Up Exit	(Trainer House 2F)
Trainer House 2F Up Exit	(Trainer House 2F)	->	Trainer House Ladder Down 	(Trainer House 1F)
VIRIDIAN_MART Exit	(Viridian Mart)	->	VIRIDIAN_MART Entrance	(West Kanto)
VIRIDIAN_POKECENTER_1F Exit	(Viridian Center)	->	VIRIDIAN_POKECENTER_1F Entrance	(West Kanto)
X 	()	->	null	(null)
ROUTE_2_NUGGET_HOUSE Exit	(Route 2 Nugget House)	->	ROUTE_2_NUGGET_HOUSE Entrance	(Route 2 Diglett)
Route 2 South to Route 2 North Gate Exit	(Route 2 Gate)	->	Route 2 Gate South Entrance	(Route 2 South)
Route 2 North to Route 2 South Gate Exit	(Route 2 Gate)	->	Route 2 Gate North Entrance	(Route 2 Cut)
Victory Road Gate to Route 22 	(Victory Road Gate Snorlax)	->	SAFFRON_MAGNET_TRAIN_STATION Entrance	(Saffron)
Victory Road Gate to Route 26 	(Victory Road Gate 8 Badges)	->	Union Cave Ruins Ledges Entrance	(Ruins Of Alph Top Ledge)
Victory Road Entrance 	(Victory Road Gate)	->	Victory Road Gate Exit	(Victory Road Hall 1)
Victory Road Gate to Route 28 	(Victory Road Gate Mt Silver)	->	VERMILION_PORT Exit	(Vermilion Port)
ELMS_LAB Exit	(Elms Lab)	->	ELMS_LAB Entrance	(New Bark)
PLAYERS_HOUSE_1F Exit	(Players House)	->	PLAYERS_HOUSE_1F Entrance	(New Bark)
Players House Up 	(Players Room)	->	Players House Down Exit	(Players House 2F)
Players House Down Exit	(Players House 2F)	->	Players House Up 	(Players Room)
New Bark House Exit	(New Bark House)	->	PLAYERS_NEIGHBORS_HOUSE Entrance	(New Bark)
ELMS_HOUSE Exit	(Elms House)	->	ELMS_HOUSE Entrance	(New Bark)
ROUTE_26_HEAL_HOUSE Exit	(Route 26 Heal House)	->	ROUTE_26_HEAL_HOUSE Entrance	(Route 26)
Siblings House Exit	(Siblings House)	->	DAY_OF_WEEK_SIBLINGS_HOUSE Entrance	(Route 26)
ROUTE_27_SANDSTORM_HOUSE Exit	(Route 27 Sandstorm House)	->	ROUTE_27_SANDSTORM_HOUSE Entrance	(Tojho Exit)
Route 29 to Route 46 Gate Exit	(Route 29/46 Gate)	->	Route 46 to Route 29 Gate Entrance	(Blackthorn Lower)
Route 46 to Route 29 Gate Exit	(Route 29/46 Gate)	->	Saffron to Route 6 Gate Entrance	(Saffron)
FIGHTING_DOJO Exit	(Fighting Dojo)	->	FIGHTING_DOJO Entrance	(Saffron)
Saffron Gym Exit 	(Saffron Gym South)	->	SAFFRON_GYM Entrance	(Saffron)
Saffron Gym South 	(Saffron Gym South)	->	Saffron Gym SE SE 	(Saffron Gym South East)
Saffron Gym SE NE 	(Saffron Gym South East)	->	Saffron Gym E NE 	(Saffron Gym East)
Saffron Gym E SE 	(Saffron Gym East)	->	Saffron Gym W NW 	(Saffron Gym West)
Saffron Gym W SW 	(Saffron Gym West)	->	Saffron Gym NW SE 	(Saffron Gym North West)
Saffron Gym NW NE 	(Saffron Gym North West)	->	Saffron Gym N NE 	(Saffron Gym South West)
Saffron Gym N SE 	(Saffron Gym South West)	->	Saffron Gym SW SW 	(Saffron Gym South West)
Saffron Gym SW NW 	(Saffron Gym South West)	->	Saffron Gym NE SE 	(Saffron Gym North East)
Saffron Gym NE NE 	(Saffron Gym North East)	->	Saffron Gym SE NW 	(Saffron Gym South East)
Saffron Gym SE SW 	(Saffron Gym South East)	->	Saffron Gym SW NE 	(Saffron Gym South West)
Saffron Gym SW SE 	(Saffron Gym South West)	->	Saffron Gym W SE 	(Saffron Gym West)
Saffron Gym W NE 	(Saffron Gym West)	->	Saffron Gym N SW 	(Saffron Gym North)
Saffron Gym N NW 	(Saffron Gym North)	->	Saffron Gym E SW 	(Saffron Gym East)
Saffron Gym E NW 	(Saffron Gym East)	->	Saffron Gym NE NW 	(Saffron Gym North East)
Saffron Gym NE SW 	(Saffron Gym North East)	->	Saffron Gym NW NW 	(Saffron Gym North West)
Saffron Gym NW SW 	(Saffron Gym North West)	->	Saffron Gym Sabrina 	(Saffron Gym Sabrina)
Saffron Gym SE SE 	(Saffron Gym South East)	->	Saffron Gym South 	(Saffron Gym South)
Saffron Gym E NE 	(Saffron Gym East)	->	Saffron Gym SE NE 	(Saffron Gym South East)
Saffron Gym W NW 	(Saffron Gym West)	->	Saffron Gym E SE 	(Saffron Gym East)
Saffron Gym NW SE 	(Saffron Gym North West)	->	Saffron Gym W SW 	(Saffron Gym West)
Saffron Gym N NE 	(Saffron Gym South West)	->	Saffron Gym NW NE 	(Saffron Gym North West)
Saffron Gym SW SW 	(Saffron Gym South West)	->	Saffron Gym N SE 	(Saffron Gym South West)
Saffron Gym NE SE 	(Saffron Gym North East)	->	Saffron Gym SW NW 	(Saffron Gym South West)
Saffron Gym SE NW 	(Saffron Gym South East)	->	Saffron Gym NE NE 	(Saffron Gym North East)
Saffron Gym SW NE 	(Saffron Gym South West)	->	Saffron Gym SE SW 	(Saffron Gym South East)
Saffron Gym W SE 	(Saffron Gym West)	->	Saffron Gym SW SE 	(Saffron Gym South West)
Saffron Gym N SW 	(Saffron Gym North)	->	Saffron Gym W NE 	(Saffron Gym West)
Saffron Gym E SW 	(Saffron Gym East)	->	Saffron Gym N NW 	(Saffron Gym North)
Saffron Gym NE NW 	(Saffron Gym North East)	->	Saffron Gym E NW 	(Saffron Gym East)
Saffron Gym NW NW 	(Saffron Gym North West)	->	Saffron Gym NE SW 	(Saffron Gym North East)
Saffron Gym Sabrina 	(Saffron Gym Sabrina)	->	Saffron Gym NW SW 	(Saffron Gym North West)
SAFFRON_MART Exit	(Saffron Mart)	->	SAFFRON_MART Entrance	(Saffron)
SAFFRON_POKECENTER_1F Exit	(Saffron Center)	->	SAFFRON_POKECENTER_1F Entrance	(Saffron)
X 	()	->	null	(null)
MR_PSYCHICS_HOUSE Exit	(Mr Psychics House)	->	MR_PSYCHICS_HOUSE Entrance	(Saffron)
SAFFRON_MAGNET_TRAIN_STATION Exit	(Saffron Station)	->	Vermilion Digletts Cave Entrance	(Snorlax)
X 	()	->	X 	()
X 	()	->	X 	()
SILPH_CO_1F Exit	(Silph Co)	->	SILPH_CO_1F Entrance	(Saffron)
COPYCATS_HOUSE_1F Exit	(Copycats House)	->	COPYCATS_HOUSE_1F Entrance	(Saffron)
Copycats Room Entrance	(Copycats House)	->	Copycats House 2F Down Exit	(Copycats House 2F)
Copycats House 2F Down Exit	(Copycats House 2F)	->	Copycats Room Entrance	(Copycats House)
Route 5 Underground Exit	(Route 5 Underground)	->	Route 15 to Fuschia Gate Exit	(Fuchsia/Route 15 Gate)
Route 5 Underground Stairs 	(Route 5 Underground)	->	Underground Exit Route 5 	(NS Underground)
Saffron to Route 5 Gate Exit	(Saffron/Route 5 Gate)	->	Route 5 to Saffron Gate Entrance	(Cerulean)
Route 5 to Saffron Gate Exit	(Saffron/Route 5 Gate)	->	Tojho Falls East Entrance	(Tojho Exit)
ROUTE_5_CLEANSE_TAG_HOUSE Exit	(Route 5 Cleanse Tag House)	->	ROUTE_5_CLEANSE_TAG_HOUSE Entrance	(Cerulean)
CHERRYGROVE_MART Exit	(Cherrygrove Mart)	->	CHERRYGROVE_MART Entrance	(Cherrygrove)
CHERRYGROVE_POKECENTER_1F Exit	(Cherrygrove Center)	->	CHERRYGROVE_POKECENTER_1F Entrance	(Cherrygrove)
CHERRYGROVE_GYM_SPEECH_HOUSE Exit	(Cherrygrove Gym House)	->	Cherrygrove West House Entrance	(Cherrygrove)
GUIDE_GENTS_HOUSE Exit	(Cherrygrove Guide House)	->	GUIDE_GENTS_HOUSE Entrance	(Cherrygrove)
CHERRYGROVE_EVOLUTION_SPEECH_HOUSE Exit	(Cherrygrove Evolution House)	->	Cherrygrove East House Entrance	(Cherrygrove)
ROUTE_30_BERRY_HOUSE Exit	(Route 30 Berry House)	->	ROUTE_30_BERRY_HOUSE Entrance	(Cherrygrove)
MR_POKEMONS_HOUSE Exit	(Mr Pokemon)	->	MR_POKEMONS_HOUSE Entrance	(Cherrygrove)
Route 31 to Violet Gate Exit	(Violet/Route 31 Gate)	->	Digletts Cave Route 2 Exit	(Digletts Cave Route 2 Side)
Violet to Route 31 Gate Exit	(Violet/Route 31 Gate)	->	ROUTE_31_VIOLET_GATE Entrance	(Route 31)